"Prognose bevolking; geslacht en leeftijd, 2017-2060",,,,,,,,,,,,,,,,,,,,,,,,,,,,,,,,,,,,,,,,,,,,,
,Onderwerpen,Bevolking,Bevolking,Bevolking,Bevolking,Bevolking,Bevolking,Bevolking,Bevolking,Bevolking,Bevolking,Bevolking,Bevolking,Bevolking,Bevolking,Bevolking,Bevolking,Bevolking,Bevolking,Bevolking,Bevolking,Bevolking,Bevolking,Bevolking,Bevolking,Bevolking,Bevolking,Bevolking,Bevolking,Bevolking,Bevolking,Bevolking,Bevolking,Bevolking,Bevolking,Bevolking,Bevolking,Bevolking,Bevolking,Bevolking,Bevolking,Bevolking,Bevolking,Bevolking,Bevolking
,Perioden,2017,2018,2019,2020,2021,2022,2023,2024,2025,2026,2027,2028,2029,2030,2031,2032,2033,2034,2035,2036,2037,2038,2039,2040,2041,2042,2043,2044,2045,2046,2047,2048,2049,2050,2051,2052,2053,2054,2055,2056,2057,2058,2059,2060
Geslacht,Leeftijd,aantal,aantal,aantal,aantal,aantal,aantal,aantal,aantal,aantal,aantal,aantal,aantal,aantal,aantal,aantal,aantal,aantal,aantal,aantal,aantal,aantal,aantal,aantal,aantal,aantal,aantal,aantal,aantal,aantal,aantal,aantal,aantal,aantal,aantal,aantal,aantal,aantal,aantal,aantal,aantal,aantal,aantal,aantal,aantal
Totaal mannen en vrouwen,Totaal leeftijd,17089794,17191931,17271386,17342426,17405655,17461878,17511336,17559702,17607942,17655921,17703034,17749122,17793902,17837096,17878008,17916395,17952030,17984658,18014134,18040282,18063049,18082415,18098450,18111373,18121455,18128889,18133999,18137058,18138503,18138687,18138113,18137059,18135861,18134708,18133760,18133178,18133107,18133727,18135194,18137642,18141192,18145962,18152086,18159662
Totaal mannen en vrouwen,0 jaar,172780,175960,178097,181104,183489,185796,188243,190480,192427,193876,194930,195694,196218,196498,196501,196235,195715,194945,193944,192751,191439,190071,188719,187426,186234,185170,184256,183532,183037,182804,182854,183183,183774,184583,185558,186643,187791,188953,190080,191135,192083,192901,193564,194066
Totaal mannen en vrouwen,1 jaar,171688,174004,176801,178838,181757,184070,186305,188729,190963,192914,194367,195427,196196,196724,197006,197011,196751,196238,195470,194476,193285,191976,190611,189263,187975,186789,185731,184822,184104,183617,183392,183448,183780,184379,185189,186165,187249,188398,189555,190681,191732,192679,193496,194155
Totaal mannen en vrouwen,2 jaar,176988,173028,174894,177523,179478,182327,184572,186786,189207,191445,193390,194843,195906,196680,197207,197491,197499,197242,196732,195970,194981,193794,192488,191125,189783,188498,187318,186263,185361,184651,184171,183952,184017,184353,184956,185769,186744,187829,188973,190130,191254,192303,193245,194062
Totaal mannen en vrouwen,3 jaar,173405,177989,173724,175407,177920,179811,182590,184812,187017,189436,191670,193613,195062,196128,196898,197425,197711,197725,197470,196963,196204,195217,194031,192728,191370,190034,188758,187580,186531,185636,184934,184461,184248,184319,184659,185266,186081,187054,188137,189280,190433,191554,192600,193539
Totaal mannen en vrouwen,4 jaar,178151,174280,178522,174195,175762,178188,180014,182772,184992,187197,189614,191842,193783,195230,196292,197061,197589,197878,197894,197642,197137,196380,195394,194212,192913,191557,190226,188954,187783,186741,185855,185158,184693,184487,184564,184908,185516,186333,187308,188390,189533,190682,191799,192842
Totaal mannen en vrouwen,5 jaar,182167,179012,174782,178907,174548,176021,178379,180193,182949,185169,187373,189786,192011,193946,195391,196451,197217,197746,198040,198060,197809,197304,196551,195567,194387,193094,191742,190415,189148,187985,186949,186071,185379,184922,184725,184807,185155,185766,186584,187560,188640,189779,190928,192042
Totaal mannen en vrouwen,6 jaar,186854,183123,179556,175233,179264,174869,176266,178620,180442,183200,185417,187619,190028,192247,194176,195619,196673,197441,197971,198265,198286,198036,197533,196780,195800,194624,193338,191992,190670,189408,188250,187219,186345,185658,185208,185016,185104,185457,186069,186890,187865,188943,190080,191227
Totaal mannen en vrouwen,7 jaar,187680,187867,183737,180043,175655,179584,175141,176549,178914,180753,183512,185723,187926,190330,192539,194461,195899,196951,197715,198246,198539,198562,198311,197808,197058,196080,194907,193623,192281,190964,189706,188553,187526,186658,185977,185528,185340,185432,185788,186403,187226,188200,189277,190411
Totaal mannen en vrouwen,8 jaar,188080,188681,188458,184226,180440,175984,179809,175406,176837,179218,181064,183820,186032,188234,190629,192829,194747,196181,197230,197995,198522,198813,198835,198583,198081,197333,196359,195187,193907,192567,191254,190001,188853,187830,186966,186288,185847,185663,185757,186114,186730,187551,188526,189602
Totaal mannen en vrouwen,9 jaar,184787,189071,189305,188961,184654,180769,176247,180050,175705,177160,179554,181408,184162,186370,188568,190958,193153,195062,196492,197541,198302,198829,199117,199139,198890,198389,197644,196673,195501,194224,192889,191579,190328,189187,188165,187305,186631,186197,186014,186108,186467,187083,187904,188881
Totaal mannen en vrouwen,10 jaar,188210,185731,189661,189790,189357,184958,180985,176464,180274,175980,177459,179862,181726,184480,186682,188877,191262,193448,195351,196776,197822,198581,199109,199397,199419,199172,198671,197928,196961,195792,194518,193187,191880,190633,189494,188474,187619,186946,186514,186334,186431,186793,187409,188233
Totaal mannen en vrouwen,11 jaar,190065,189125,186277,190108,190161,189626,185137,181146,176648,180460,176218,177717,180131,182003,184746,186943,189133,191513,193693,195591,197012,198058,198814,199339,199627,199651,199406,198907,198166,197200,196036,194763,193435,192133,190888,189752,188733,187884,187214,186785,186608,186707,187071,187689
Totaal mannen en vrouwen,12 jaar,196035,191009,189718,186755,190513,190477,189849,185342,181349,176870,180686,176491,178009,180427,182301,185044,187236,189421,191795,193969,195861,197279,198321,199075,199600,199890,199915,199671,199173,198436,197470,196310,195042,193717,192414,191172,190037,189021,188174,187507,187080,186907,187010,187375
Totaal mannen en vrouwen,13 jaar,202800,197012,191639,190245,187194,190855,190726,190073,185566,181572,177107,180931,176783,178315,180734,182613,185352,187542,189721,192089,194258,196143,197559,198599,199353,199877,200169,200194,199951,199455,198720,197757,196598,195333,194012,192711,191472,190340,189324,188479,187814,187391,187220,187326
Totaal mannen en vrouwen,14 jaar,203920,203835,197685,192216,190739,187578,191146,190993,190330,185823,181829,177382,181210,177111,178654,181075,182954,185690,187870,190048,192409,194575,196455,197869,198905,199658,200181,200475,200500,200262,199765,199033,198073,196916,195653,194334,193035,191796,190665,189652,188810,188147,187727,187560
Totaal mannen en vrouwen,15 jaar,205745,205012,204548,198299,192747,191163,187899,191439,191282,190616,186105,182115,177684,181520,177460,179013,181435,183317,186049,188223,190397,192752,194913,196790,198202,199238,199991,200513,200806,200832,200595,200100,199369,198410,197259,195997,194678,193381,192143,191012,190001,189164,188504,188086
Totaal mannen en vrouwen,16 jaar,210002,206919,205831,205259,198927,193261,191570,188274,191806,191650,190979,186474,182487,178068,181910,177888,179449,181871,183753,186482,188656,190822,193169,195329,197202,198609,199644,200398,200920,201213,201240,201004,200512,199782,198824,197678,196415,195100,193804,192568,191436,190426,189590,188931
Totaal mannen en vrouwen,17 jaar,205812,211273,207806,206624,205961,199516,193737,192012,188706,192233,192072,191402,186902,182919,178508,182357,178372,179944,182364,184247,186970,189143,191302,193644,195799,197667,199072,200107,200862,201383,201676,201704,201471,200980,200252,199295,198154,196890,195577,194281,193049,191917,190907,190072
Totaal mannen en vrouwen,18 jaar,207029,209108,214097,210483,209149,208314,201720,195882,194142,190830,194352,194196,193532,189041,185061,180664,184519,180596,182180,184600,186484,189200,191367,193523,195858,198005,199867,201267,202304,203059,203583,203876,203908,203679,203191,202465,201510,200375,199116,197804,196510,195280,194151,193146
Totaal mannen en vrouwen,19 jaar,204641,211964,213130,217864,214071,212545,211504,204870,199009,197264,193945,197471,197328,196668,192186,188216,183833,187696,183852,185447,187859,189747,192453,194607,196754,199077,201215,203070,204461,205500,206253,206778,207075,207108,206884,206402,205679,204730,203598,202342,201034,199746,198521,197394
Totaal mannen en vrouwen,20 jaar,206754,210810,216519,217083,221542,217577,215841,214756,208114,202252,200492,197180,200705,200569,199916,195446,191484,187122,190997,187264,188867,191264,193150,195839,197983,200117,202426,204553,206395,207778,208816,209568,210094,210396,210436,210216,209740,209023,208078,206955,205705,204403,203122,201902
Totaal mannen en vrouwen,21 jaar,209627,212894,216067,220472,220518,224717,220573,218802,217706,211091,205225,203465,200162,203686,203559,202912,198460,194511,190176,194061,190484,192097,194472,196360,199031,201157,203277,205567,207679,209511,210886,211922,212680,213210,213518,213566,213352,212888,212181,211245,210134,208890,207602,206331
Totaal mannen en vrouwen,22 jaar,217103,215608,218120,220303,223723,223417,227358,223273,221513,220439,213854,208006,206255,202963,206487,206367,205727,201301,197366,193066,196963,193569,195195,197541,199429,202080,204189,206294,208564,210661,212478,213847,214883,215645,216184,216501,216561,216359,215906,215211,214292,213193,211964,210688
Totaal mannen en vrouwen,23 jaar,217368,223233,220362,221947,223225,226096,225577,229556,225567,223856,222806,216259,210439,208703,205419,208939,208837,208206,203810,199894,195633,199541,196345,197984,200302,202191,204818,206910,208999,211248,213329,215129,216493,217530,218298,218845,219173,219247,219059,218624,217944,217039,215956,214744
Totaal mannen en vrouwen,24 jaar,220473,222092,227870,223699,224398,224983,227601,227302,231348,227475,225800,224782,218277,212498,210768,207499,211015,210926,210307,205940,202052,197823,201737,198747,200398,202685,204573,207175,209248,211321,213553,215617,217402,218758,219795,220569,221126,221464,221549,221377,220956,220291,219404,218339
Totaal mannen en vrouwen,25 jaar,223119,223430,225289,230754,225578,225545,225534,228621,228519,232640,228861,227228,226240,219782,214033,212314,209067,212574,212501,211891,207552,203690,199489,203409,200612,202271,204532,206416,208995,211049,213104,215317,217369,219138,220483,221519,222296,222859,223207,223302,223144,222738,222086,221216
Totaal mannen en vrouwen,26 jaar,223864,225040,225266,227375,232308,226463,225746,225981,229411,229474,233643,229957,228358,227397,220974,215258,213547,210322,213820,213760,213156,208843,205003,200832,204755,202129,203797,206029,207912,210467,212500,214538,216731,218764,220522,221857,222890,223673,224239,224594,224700,224553,224156,223516
Totaal mannen en vrouwen,27 jaar,216680,225103,226243,226678,228690,232970,226617,226002,226441,230129,230319,234527,230920,229348,228402,222012,216327,214623,211420,214906,214859,214254,209966,206145,202001,205928,203459,205132,207338,209216,211751,213766,215788,217959,219974,221716,223041,224069,224856,225424,225788,225900,225760,225372
Totaal mannen en vrouwen,28 jaar,214504,217866,225634,227127,227559,229235,232675,226631,226124,226730,230615,230912,235153,231614,230059,229125,222766,217111,215414,212229,215705,215667,215062,210798,206999,202880,206811,204490,206166,208348,210223,212741,214738,216743,218895,220892,222615,223930,224954,225742,226311,226679,226799,226664
Totaal mannen en vrouwen,29 jaar,214810,215786,218244,225978,227633,227948,229053,232251,226452,226021,226767,230818,231191,235460,231970,230431,229505,223174,217549,215857,212688,216149,216114,215511,211269,207487,203397,207327,205144,206825,208983,210855,213355,215333,217320,219452,221428,223134,224437,225460,226246,226815,227184,227309
Totaal mannen en vrouwen,30 jaar,214276,216000,216209,218404,226146,227859,227938,228663,231696,226076,225707,226584,230752,231177,235455,232003,230474,229555,223244,217645,215952,212792,216238,216206,215605,211377,207608,203539,207471,205420,207102,209236,211103,213582,215540,217508,219619,221573,223259,224550,225568,226348,226915,227282
Totaal mannen en vrouwen,31 jaar,209544,215031,216408,216396,218475,226283,227953,227721,228207,231116,225638,225334,226320,230564,231013,235300,231880,230357,229441,223143,217561,215869,212711,216143,216109,215505,211289,207528,203477,207408,205475,207161,209271,211132,213591,215527,217475,219561,221494,223162,224434,225443,226216,226780
Totaal mannen en vrouwen,32 jaar,206151,209955,215082,216539,216403,218501,226416,227805,227390,227709,230517,225172,224929,226004,230279,230744,235036,231646,230128,229210,222926,217356,215658,212507,215925,215891,215286,211078,207328,203295,207222,205397,207086,209171,211022,213469,215385,217314,219383,221296,222941,224202,225200,225965
Totaal mannen en vrouwen,33 jaar,200795,206462,209790,215003,216496,216295,218480,226255,227487,226967,227177,229939,224694,224505,225637,229924,230397,234689,231326,229809,228893,222623,217063,215365,212218,215625,215589,214984,210789,207050,203037,206960,205233,206921,208989,210834,213261,215161,217070,219116,221016,222646,223895,224885
Totaal mannen en vrouwen,34 jaar,201702,201129,206314,209630,214896,216380,216141,218275,225971,227119,226521,226680,229424,224254,224102,225276,229560,230037,234324,230986,229467,228550,222288,216740,215038,211898,215293,215259,214650,210468,206739,202737,206662,205023,206712,208764,210599,213009,214894,216787,218815,220697,222313,223548
Totaal mannen en vrouwen,35 jaar,205810,202004,200954,206051,209369,214656,216086,215755,217869,225522,226610,225954,226103,228856,223728,223604,224806,229077,229556,233839,230520,229000,228085,221825,216284,214577,211443,214824,214792,214180,210010,206289,202300,206221,204665,206357,208389,210218,212610,214479,216356,218366,220232,221832
Totaal mannen en vrouwen,36 jaar,208556,206220,201790,200638,205659,208987,214255,215572,215184,217287,224901,225947,225258,225421,228187,223096,222985,224206,228459,228943,233223,229921,228396,227477,221224,215689,213980,210847,214217,214186,213575,209413,205698,201720,205641,204162,205854,207868,209694,212068,213919,215783,217774,219623
Totaal mannen en vrouwen,37 jaar,201812,208965,206184,201505,200292,205258,208584,213751,215012,214585,216667,224241,225268,224566,224754,227538,222465,222361,223596,227836,228321,232591,229306,227776,226856,220607,215077,213366,210239,213600,213571,212956,208800,205096,201127,205045,203636,205328,207324,209146,211502,213338,215188,217161
Totaal mannen en vrouwen,38 jaar,202222,202370,209048,206118,201270,200026,204945,208188,213298,214529,214064,216125,223663,224683,223978,224196,227000,221937,221836,223081,227307,227788,232049,228779,227250,226326,220082,214556,212845,209723,213077,213050,212430,208281,204586,200627,204546,203197,204889,206871,208688,211025,212849,214687
Totaal mannen en vrouwen,39 jaar,199390,202753,202538,209006,205978,201021,199754,204574,207774,212851,214051,213551,215592,223103,224123,223420,223675,226489,221439,221337,222592,226804,227282,231534,228276,226745,225823,219584,214063,212356,209238,212581,212558,211940,207796,204106,200157,204076,202786,204474,206443,208252,210577,212387
Totaal mannen en vrouwen,40 jaar,201369,200025,202866,202511,208829,205737,200713,199401,204153,207328,212376,213551,213027,215046,222527,223554,222861,223149,225978,220934,220835,222094,226291,226768,231008,227762,226226,225308,219073,213561,211856,208742,212079,212057,211436,207301,203616,199676,203594,202360,204046,206001,207801,210117
Totaal mannen en vrouwen,41 jaar,203086,201960,200265,202859,202400,208598,205455,200379,199045,203749,206899,211917,213077,212533,214528,221986,223028,222347,222665,225504,220467,220366,221628,225807,226281,230512,227275,225741,224825,218592,213090,211387,208279,211611,211587,210965,206838,203156,199229,203143,201959,203645,205586,207381
Totaal mannen en vrouwen,42 jaar,212176,203608,202199,200353,202795,202239,208331,205177,200068,198718,203380,206504,211502,212658,212087,214064,221506,222565,221897,222242,225088,220053,219951,221216,225376,225849,230073,226844,225308,224396,218170,212677,210973,207873,211197,211171,210546,206427,202750,198830,202745,201608,203290,205218
Totaal mannen en vrouwen,43 jaar,219818,212680,203771,202256,200292,202621,201973,208019,204866,199736,198376,202994,206096,211079,212230,211637,213605,221032,222113,221456,221822,224676,219640,219536,220808,224951,225418,229640,226419,224888,223973,217755,212274,210574,207475,210790,210765,210141,206030,202359,198448,202360,201266,202946
Totaal mannen en vrouwen,44 jaar,237776,220124,212709,203673,202089,200025,202278,201600,207615,204472,199322,197945,202525,205610,210583,211739,211138,213093,220512,221609,220959,221351,224205,219176,219071,220347,224476,224942,229159,225947,224420,223505,217296,211824,210126,207032,210341,210318,209693,205591,201923,198020,201931,200876
Totaal mannen en vrouwen,45 jaar,249407,237887,220025,212509,203404,201762,199599,201858,201167,207161,204029,198859,197474,202018,205086,210052,211217,210605,212555,219964,221075,220433,220848,223702,218678,218568,219849,223967,224432,228646,225444,223919,223008,216808,211340,209644,206554,209856,209836,209209,205114,201454,197553,201464
Totaal mannen en vrouwen,46 jaar,260091,249347,237673,219753,212176,203031,201323,199141,201412,200715,206688,203568,198380,196990,201506,204564,209528,210700,210085,212030,219429,220548,219914,220349,223206,218187,218072,219358,223466,223931,228140,224948,223425,222518,216327,210865,209168,206084,209381,209363,208734,204644,200991,197095
Totaal mannen en vrouwen,47 jaar,265839,259954,249026,237322,219371,211733,202562,200860,198667,200949,200248,206206,203093,197892,196494,200983,204031,209001,210186,209566,211506,218891,220019,219392,219846,222704,217686,217573,218862,222962,223424,227627,224444,222924,222019,215836,210380,208684,205605,208896,208879,208250,204166,200517
Totaal mannen en vrouwen,48 jaar,254721,265614,259537,248565,236846,218872,211177,202046,200362,198165,200457,199752,205692,202587,197372,195965,200436,203476,208449,209640,209016,210944,218321,219454,218834,219301,222162,217147,217035,218329,222417,222875,227073,223899,222384,221481,215307,209855,208165,205089,208376,208360,207727,203650
Totaal mannen en vrouwen,49 jaar,252065,254407,265096,258951,247975,236243,218252,210575,201491,199822,197626,199922,199215,205138,202040,196816,195407,199858,202892,207864,209062,208433,210350,217710,218855,218243,218724,221587,216580,216468,217764,221840,222298,226491,223327,221815,220913,214750,209308,207621,204553,207833,207817,207185
Totaal mannen en vrouwen,50 jaar,253429,251654,253788,264391,258210,247245,235504,217557,209910,200873,199222,197030,199328,198624,204527,201434,196207,194798,199232,202260,207232,208433,207801,209707,217057,218207,217607,218099,220966,215968,215856,217157,221222,221683,225869,222712,221204,220307,214158,208723,207037,203976,207251,207235
Totaal mannen en vrouwen,51 jaar,257121,252911,250977,253028,263568,257359,246406,234702,216816,209200,200204,198576,196390,198687,197982,203861,200785,195554,194144,198559,201584,206551,207756,207118,209013,216349,217506,216915,217422,220292,215304,215194,216502,220556,221013,225195,222051,220545,219654,213513,208089,206407,203356,206623
Totaal mannen en vrouwen,52 jaar,261732,256452,252121,250153,252140,262624,256389,245496,233837,216021,208437,199487,197883,195704,197993,197285,203153,200084,194853,193445,197843,200862,205822,207031,206387,208274,215597,216758,216179,216705,219578,214600,214490,215803,219845,220303,224477,221344,219845,218959,212830,207416,205740,202698
Totaal mannen en vrouwen,53 jaar,257005,260937,255531,251191,249216,251149,261580,255357,244532,232925,215184,207636,198733,197154,194979,197264,196558,202409,199357,194125,192719,197101,200111,205066,206281,205638,207516,214823,215991,215425,215969,218843,213878,213772,215093,219124,219582,223752,220632,219138,218257,212142,206738,205066
Totaal mannen en vrouwen,54 jaar,252065,256142,259894,254473,250151,248179,250059,260470,254271,243517,231964,214299,206786,197929,196369,194205,196483,195784,201617,198575,193347,191948,196310,199316,204270,205487,204844,206717,214006,215182,214630,215188,218069,213114,213012,214338,218355,218815,222980,219873,218387,217508,211413,206016
Totaal mannen en vrouwen,55 jaar,249305,251132,255075,258749,253344,249044,247083,248938,259328,253158,242471,230975,213391,205918,197104,195566,193411,195685,194994,200806,197779,192555,191163,195509,198512,203458,204684,204041,205911,213182,214368,213827,214400,217282,212340,212245,213574,217581,218041,222204,219108,217629,216753,210675
Totaal mannen en vrouwen,56 jaar,242294,248329,250027,253923,257543,252160,247887,245960,247799,258172,252030,241412,229976,212475,205040,196273,194755,192613,194883,194205,200000,196988,191773,190387,194718,197719,202660,203895,203255,205125,212378,213573,213043,213629,216517,211590,211501,212834,216830,217293,221454,218370,216896,216026
Totaal mannen en vrouwen,57 jaar,239727,241178,247142,248791,252663,256240,250880,246651,244762,246592,256940,250834,240288,228913,211496,204099,195383,193884,191755,194027,193355,199136,196139,190939,189559,193878,196876,201810,203055,202419,204289,211527,212731,212213,212818,215706,210797,210709,212051,216037,216500,220660,217591,216120
Totaal mannen en vrouwen,58 jaar,232881,238543,239874,245830,247446,251296,254836,249518,245340,243494,245315,255640,249571,239097,227789,210452,203098,194431,192956,190839,193109,192451,198216,195241,190053,188684,192986,195982,200913,202168,201540,203405,210629,211843,211339,211959,214854,209960,209878,211226,215204,215670,219828,216772
Totaal mannen en vrouwen,59 jaar,227360,231630,237189,238467,244429,246024,249858,253378,248112,243989,242183,243999,254299,248273,237870,226631,209386,202073,193464,192011,189909,192180,191532,197286,194334,189165,187808,192096,195092,200018,201283,200660,202528,209734,210962,210470,211103,214003,209129,209054,210409,214379,214846,219003
Totaal mannen en vrouwen,60 jaar,222840,225977,230167,235680,236932,242899,244477,248310,251818,246607,242541,240775,242590,252867,246883,236556,225392,208243,200979,192428,190999,188914,191183,190548,196292,193362,188217,186873,191148,194144,199065,200342,199726,201594,208785,210025,209549,210195,213103,208252,208182,209542,213505,213977
Totaal mannen en vrouwen,61 jaar,216543,221320,224403,228564,234045,235280,241250,242828,246665,250163,245009,241003,239281,241097,251344,245408,235160,224075,207030,199817,191327,189923,187856,190124,189504,195233,192331,187208,185878,190141,193135,198050,199335,198731,200600,207773,209022,208561,209227,212139,207312,207247,208617,212571
Totaal mannen en vrouwen,62 jaar,212595,214955,219653,222730,226879,232338,233560,239541,241122,244966,248458,243368,239418,237741,239559,249780,243894,233730,222730,205792,198632,190207,188829,186785,189053,188449,194165,191289,186192,184876,189129,192123,197034,198332,197740,199610,206764,208024,207579,208263,211180,206378,206322,207700
Totaal mannen en vrouwen,63 jaar,208477,210870,213182,217845,220934,225078,230516,231736,237727,239314,243165,246650,241627,237745,236112,237935,248123,242289,232217,221302,204478,197377,189017,187666,185646,187914,187328,193029,190185,185115,183816,188059,191055,195961,197270,196688,198560,205697,206971,206540,207242,210169,205392,205346
Totaal mannen en vrouwen,64 jaar,207968,206600,208947,211250,215891,218997,223138,228556,229777,235781,237375,241230,244711,239760,235943,234360,236191,246343,240567,230588,219764,203066,196024,187736,186416,184421,186694,186122,191808,188998,183957,182677,186909,189903,194804,196123,195556,197431,204548,205833,205421,206142,209075,204323
Totaal mannen en vrouwen,65 jaar,199676,205894,204517,206857,209170,213795,216918,221057,226461,227684,233697,235299,239161,242640,237762,234015,232485,234323,244437,238725,228841,218116,201554,194575,186369,185077,183112,185388,184834,190500,187726,182720,181459,185680,188672,193568,194898,194345,196220,203316,204610,204217,204960,207900
Totaal mannen en vrouwen,66 jaar,199189,197507,203636,202299,204657,206987,211596,214740,218881,224267,225495,231517,233128,236998,240472,235671,231997,230526,232369,242443,236797,227016,216395,199974,193064,184940,183683,181748,184029,183496,189143,186406,181438,180199,184406,187399,192289,193630,193090,194968,202040,203347,202973,203737
Totaal mannen en vrouwen,67 jaar,200057,196807,195166,201247,199978,202359,204709,209305,212472,216613,221983,223216,229250,230874,234752,238222,233503,229904,228496,230345,240379,234803,225130,214615,198341,191503,183469,182247,180346,182633,182124,187754,185054,180127,178911,183108,186100,190984,192340,191817,193697,200748,202067,201713
Totaal mannen en vrouwen,68 jaar,204250,197477,194268,192713,198765,197570,199976,202348,206932,210120,214261,219618,220861,226906,228543,232429,235901,231265,227745,226401,228259,238251,232750,223192,212788,196667,189905,181961,180778,178912,181211,180726,186341,183682,178797,177604,181791,184787,189665,191037,190531,192414,199449,200783
Totaal mannen en vrouwen,69 jaar,212635,201390,194734,191610,190151,196176,195058,197486,199882,204453,207663,211804,217150,218410,224461,226113,230009,233483,228934,225498,224222,226088,236037,230614,221178,210892,194932,188248,180400,179258,177431,179735,179279,184878,182264,177421,176256,180432,183431,188306,189694,189205,191093,198114
Totaal mannen en vrouwen,70 jaar,216928,209411,198354,191855,188829,187471,193468,192423,194872,197295,201852,205087,209227,214563,215841,221897,223567,227474,230952,226498,223148,221940,223818,233724,228385,219073,208917,193126,186525,178778,177678,175892,178205,177776,183361,180795,175999,174862,179028,182033,186907,188308,187840,189736
Totaal mannen en vrouwen,71 jaar,153161,213343,205991,195160,188831,185905,184650,190612,189644,192112,194563,199107,202365,206504,211827,213124,219183,220875,224792,228273,223919,220660,219522,221414,231270,226021,216842,206822,191209,184700,177060,176001,174259,176582,176183,181750,179232,174488,173382,177537,180547,185418,186836,186390
Totaal mannen en vrouwen,72 jaar,157453,150392,209560,202402,191816,185663,182842,181686,187614,186727,189217,191695,196226,199505,203643,208951,210269,216330,218042,221968,225456,221206,218041,216978,218884,228690,223534,214497,204619,189195,182782,175254,174242,172544,174877,174510,180061,177595,172905,171831,175974,178991,183860,185294
Totaal mannen en vrouwen,73 jaar,146944,154354,147472,205588,198641,188305,182337,179621,178565,184457,183654,186167,188673,193191,196490,200624,205917,207256,213319,215052,218986,222479,218340,215275,214288,216211,225962,220908,212022,202293,187073,180759,173349,172386,170738,173080,172748,178278,175868,171237,170198,174331,177353,182217
Totaal mannen en vrouwen,74 jaar,133220,143772,151070,144384,201391,194660,184589,178809,176204,175251,181101,180384,182919,185454,189956,193274,197403,202677,204041,210099,211856,215797,219296,215271,212313,211405,213347,223037,218091,209367,199800,184795,178589,171306,170394,168797,171150,170854,176365,174013,169447,168445,172565,175595
Totaal mannen en vrouwen,75 jaar,124069,130036,140408,147598,141117,196943,190438,180644,175061,172574,171728,177531,176905,179459,182024,186508,189843,193967,199223,200613,206662,208444,212391,215893,211994,209148,208324,210286,219907,215081,206530,197133,182359,176271,169122,168264,166721,169085,168830,174320,172031,167534,166573,170680
Totaal mannen en vrouwen,76 jaar,123918,120788,126651,136830,143904,137634,192200,185925,176425,171050,168688,167953,173706,173173,175747,178337,182801,186153,190269,195504,196919,202955,204764,208716,212221,208455,205728,204993,206975,216522,211823,203458,194248,179722,173761,166757,165957,164473,166850,166639,172103,169883,165460,164544
Totaal mannen en vrouwen,77 jaar,115780,120262,117299,123052,133017,139959,133913,187112,181085,171901,166749,164520,163901,169597,169163,171756,174377,178816,182182,186288,191497,192943,198961,200800,204758,208267,204642,202045,201403,203407,212871,208311,200148,191139,176885,171061,164213,163475,162057,164445,164280,169716,167572,163232
Totaal mannen en vrouwen,78 jaar,109554,111958,116352,113562,119188,128918,135718,129906,181628,175869,167029,162115,160030,159531,165165,164835,167449,170098,174507,177887,181979,187160,188640,194633,196506,200464,203979,200508,198046,197503,199535,208907,204495,196550,187762,173807,168132,161453,160781,159431,161833,161717,167125,165059
Totaal mannen en vrouwen,79 jaar,98503,105458,107859,112154,109540,115029,124504,131140,125587,175713,170242,161770,157109,155178,154799,160361,160137,162768,165443,169818,173205,177280,182424,183942,189899,191808,195764,199282,195976,193658,193221,195282,204544,200299,192589,184047,170421,164909,158417,157814,156541,158956,158895,164269
Totaal mannen en vrouwen,80 jaar,93566,94339,101077,103465,107648,105217,110560,119746,126209,120933,169331,164167,156089,151692,149922,149663,155141,155026,157670,160368,164700,168094,172143,177240,178799,184706,186653,190602,194119,190990,188825,188501,190592,199729,195666,188211,179941,166678,161345,155059,154531,153341,155767,155767
Totaal mannen en vrouwen,81 jaar,86391,89083,89907,96408,98773,102833,100596,105769,114644,120918,115939,162465,157623,149963,145846,144242,144103,149485,149481,152136,154853,159134,162528,166545,171585,173187,179030,181015,184948,188462,185524,183524,183318,185439,194428,190568,183390,175417,162554,157420,151359,150911,149813,152249
Totaal mannen en vrouwen,82 jaar,80243,81694,84331,85200,91443,93778,97705,95653,100644,109180,115243,110579,155078,150571,143352,139526,138097,138078,143348,143460,146119,148849,153069,156454,160430,165399,167043,172805,174828,178737,182241,179508,177683,177597,179749,188571,184925,178053,170408,157986,153068,147254,146891,145890
Totaal mannen en vrouwen,83 jaar,73098,75303,76753,79319,80224,86183,88480,92245,90386,95175,103339,109170,104832,147145,142988,136234,132715,131465,131570,136712,136939,139593,142326,146470,149833,153758,158640,160324,165987,168042,171917,175403,172887,171244,171285,173464,182091,178680,172139,164850,152914,148233,142687,142415
Totaal mannen en vrouwen,84 jaar,68860,68001,70150,71586,74062,74989,80643,82868,86462,84793,89363,97120,102694,98698,138666,134875,128614,125412,124347,124572,129565,129905,132544,135265,139318,142644,146503,151278,153000,158540,160624,164450,167907,165620,164169,164335,166539,174943,171783,165599,158699,147295,142874,137617
Totaal mannen en vrouwen,85 jaar,61605,63432,62730,64803,66209,68580,69520,74827,76972,80375,78899,83231,90547,95840,92197,129666,126253,120508,117633,116757,117094,121915,122362,124968,127667,131608,134880,138654,143303,145055,150449,152553,156314,159728,157680,156428,156717,158940,167086,164193,158394,151912,141090,136950
Totaal mannen en vrouwen,86 jaar,55842,56109,57873,57316,59294,60656,62909,63833,68771,70822,74020,72737,76810,83655,88641,85361,120186,117158,111947,109406,108717,109155,113779,114321,116878,119535,123344,126543,130212,134710,136483,141701,143814,147491,150844,149042,147994,148401,150631,158484,155869,150481,144447,134257
Totaal mannen en vrouwen,87 jaar,47441,50223,50554,52234,51806,53672,54977,57079,57981,62533,64476,67455,66360,70156,76498,81158,78245,110303,107661,102992,100783,100272,100799,105197,105821,108313,110908,114562,117667,121209,125532,127313,132324,134431,138001,141277,139722,138879,139396,141624,149142,146816,141862,136301
Totaal mannen en vrouwen,88 jaar,41235,42059,44608,44978,46554,46243,47984,49204,51143,52013,56159,57980,60727,59811,63312,69121,73431,70888,100063,97802,93679,91794,91450,92048,96190,96883,99285,101796,105269,108255,111642,115761,117534,122303,124387,127824,130998,129692,129050,129663,131873,139011,136981,132485
Totaal mannen en vrouwen,89 jaar,34215,35959,36755,39056,39448,40903,40696,42279,43402,45168,45994,49722,51403,53906,53159,56348,61601,65540,63358,89565,87672,84091,82519,82324,82974,86830,87573,89864,92266,95531,98370,101574,105454,107200,111688,113726,117000,120046,118985,118534,119230,121402,128109,126379
Totaal mannen en vrouwen,90 jaar,29098,29287,30853,31604,33645,34043,35363,35228,36646,37665,39247,40019,43318,44850,47095,46505,49368,54051,57600,55767,78957,77411,74358,73079,73016,73698,77238,78011,80168,82434,85464,88127,91119,94728,96424,100595,102562,105644,108529,107703,107430,108191,110299,116527
Totaal mannen en vrouwen,91 jaar,23686,24407,24624,26004,26694,28473,28862,30024,29948,31196,32104,33499,34207,37078,38450,40433,39986,42516,46624,49770,48267,68446,67219,64666,63657,63703,64397,67597,68381,70378,72484,75253,77715,80468,83778,85398,89218,91089,93949,96645,96037,95925,96728,98746
Totaal mannen en vrouwen,92 jaar,19416,19428,20068,20294,21482,22100,23620,23972,24974,24945,26022,26815,28020,28656,31108,32313,34031,33710,35904,39441,42178,40976,58200,57258,55171,54403,54533,55216,58057,58827,60642,62563,65049,67284,69773,72754,74273,77712,79459,82067,84544,84130,84155,84976
Totaal mannen en vrouwen,93 jaar,15429,15556,15602,16153,16373,17374,17913,19170,19480,20325,20329,21238,21916,22935,23493,25542,26579,28039,27821,29685,32668,35001,34064,48463,47765,46099,45538,45727,46376,48848,49580,51196,52911,55099,57086,59291,61924,63316,66352,67948,70281,72511,72263,72395
Totaal mannen en vrouwen,94 jaar,11289,12049,12190,12254,12715,12917,13740,14186,15201,15467,16162,16187,16936,17501,18343,18820,20495,21367,22579,22443,23991,26450,28392,27682,39450,38954,37658,37267,37488,38086,40188,40861,42265,43761,45642,47369,49279,51553,52797,55419,56842,58882,60845,60730
Totaal mannen en vrouwen,95 jaar,8425,8580,9178,9317,9386,9761,9938,10587,10945,11743,11963,12519,12556,13157,13615,14293,14689,16023,16738,17718,17643,18896,20870,22445,21923,31296,30961,29982,29725,29955,30486,32227,32825,34012,35281,36857,38318,39929,41842,42923,45129,46364,48101,49785
Totaal mannen en vrouwen,96 jaar,6085,6193,6326,6782,6907,6973,7268,7409,7903,8181,8788,8964,9394,9435,9901,10261,10790,11108,12139,12705,13473,13441,14421,15957,17194,16825,24059,23846,23131,22975,23196,23648,25045,25556,26527,27568,28846,30042,31358,32917,33824,35623,36658,38091
Totaal mannen en vrouwen,97 jaar,3568,4301,4392,4500,4834,4939,4997,5213,5320,5683,5890,6334,6468,6788,6827,7176,7448,7845,8091,8858,9290,9869,9862,10602,11752,12686,12436,17814,17689,17188,17104,17300,17668,18746,19163,19926,20747,21745,22687,23720,24942,25673,27085,27918
Totaal mannen en vrouwen,98 jaar,2231,2412,2916,2988,3071,3307,3389,3432,3584,3662,3916,4064,4376,4474,4703,4738,4988,5185,5472,5655,6203,6519,6938,6946,7481,8308,8986,8826,12666,12602,12267,12231,12395,12682,13481,13807,14384,15006,15755,16468,17249,18171,18736,19802
Totaal mannen en vrouwen,99 jaar of ouder,3646,3678,3826,4251,4581,4860,5203,5483,5697,5939,6152,6462,6766,7174,7514,7896,8182,8549,8936,9396,9840,10513,11188,11935,12460,13190,14253,15442,16164,19244,21307,22515,23356,24087,24830,25931,26958,28110,29383,30830,32376,34044,35899,37646
Mannen,Totaal leeftijd,8477531,8537147,8581779,8619535,8651663,8678929,8701668,8723701,8745540,8767149,8788226,8808682,8828373,8847127,8864534,8880473,8894857,8907585,8918640,8927945,8935524,8941392,8945617,8948363,8949785,8950003,8949205,8947531,8945180,8942345,8939270,8936086,8932994,8930110,8927520,8925356,8923675,8922583,8922164,8922496,8923621,8925595,8928484,8932302
Mannen,0 jaar,88494,90101,91230,92772,93993,95181,96434,97582,98581,99323,99864,100255,100526,100670,100671,100537,100272,99878,99367,98757,98085,97386,96694,96032,95423,94878,94411,94040,93788,93669,93695,93864,94167,94583,95083,95639,96228,96823,97402,97942,98428,98848,99188,99446
Mannen,1 jaar,88031,89105,90543,91618,93113,94298,95448,96691,97839,98841,99584,100131,100525,100798,100943,100945,100814,100553,100162,99653,99046,98377,97679,96991,96330,95725,95185,94719,94353,94106,93991,94019,94191,94499,94915,95416,95972,96562,97155,97734,98273,98760,99178,99516
Mannen,2 jaar,90383,88707,89557,90916,91948,93409,94560,95700,96942,98092,99091,99837,100384,100782,101055,101201,101206,101077,100817,100430,99924,99320,98652,97956,97271,96613,96011,95474,95013,94651,94408,94296,94329,94505,94814,95233,95734,96292,96879,97471,98049,98590,99074,99492
Mannen,3 jaar,88991,90862,89025,89784,91091,92092,93519,94659,95793,97035,98184,99183,99927,100474,100870,101146,101293,101301,101173,100914,100531,100027,99424,98758,98065,97383,96730,96130,95597,95139,94783,94543,94435,94471,94650,94961,95382,95882,96440,97026,97617,98194,98735,99216
Mannen,4 jaar,91225,89356,91072,89202,89908,91175,92147,93563,94702,95837,97078,98224,99221,99965,100508,100904,101179,101330,101341,101215,100957,100574,100073,99470,98807,98115,97436,96787,96190,95661,95208,94854,94619,94517,94557,94738,95050,95472,95972,96529,97116,97704,98281,98820
Mannen,5 jaar,93391,91602,89572,91238,89349,90013,91245,92211,93625,94763,95899,97136,98280,99275,100017,100560,100954,101230,101384,101398,101274,101016,100635,100134,99534,98874,98183,97507,96859,96266,95740,95293,94943,94711,94614,94657,94840,95154,95577,96077,96633,97219,97806,98383
Mannen,6 jaar,95359,93830,91850,89777,91404,89503,90134,91358,92329,93744,94879,96012,97247,98388,99379,100119,100662,101058,101335,101490,101504,101380,101124,100743,100245,99647,98991,98302,97629,96985,96394,95872,95426,95078,94850,94754,94801,94988,95303,95727,96227,96782,97366,97952
Mannen,7 jaar,96069,95823,94106,92075,89971,91560,89640,90272,91497,92475,93890,95022,96155,97390,98523,99513,100249,100792,101187,101466,101620,101635,101511,101256,100876,100380,99782,99128,98442,97770,97129,96541,96021,95578,95233,95007,94913,94962,95151,95467,95892,96392,96946,97529
Mannen,8 jaar,96472,96530,96095,94333,92266,90132,91678,89776,90416,91648,92630,94044,95176,96306,97539,98669,99656,100390,100931,101328,101605,101758,101772,101648,101395,101017,100523,99927,99274,98590,97922,97283,96697,96180,95738,95395,95173,95083,95134,95325,95642,96066,96566,97120
Mannen,9 jaar,94318,96945,96828,96342,94547,92440,90277,91813,89941,90592,91827,92812,94226,95357,96485,97718,98844,99828,100560,101101,101496,101773,101925,101938,101817,101566,101188,100696,100100,99450,98768,98102,97465,96882,96366,95927,95586,95367,95279,95330,95522,95839,96264,96764
Mannen,10 jaar,96572,94761,97222,97060,96533,94702,92558,90390,91934,90088,90748,91984,92975,94388,95518,96645,97875,98996,99975,100704,101245,101638,101917,102069,102083,101963,101713,101337,100846,100252,99604,98924,98259,97623,97043,96527,96090,95751,95533,95446,95499,95693,96011,96436
Mannen,11 jaar,97260,96998,95015,97435,97239,96669,94800,92648,90487,92036,90214,90883,92122,93116,94525,95651,96775,98003,99122,100099,100826,101368,101760,102037,102189,102205,102085,101835,101461,100971,100380,99732,99053,98390,97754,97176,96660,96225,95888,95671,95586,95640,95835,96154
Mannen,12 jaar,100055,97718,97285,95255,97644,97409,96800,94921,92769,90617,92169,90368,91044,92287,93283,94689,95812,96933,98159,99274,100250,100975,101516,101907,102184,102337,102353,102233,101986,101613,101124,100533,99887,99210,98546,97912,97333,96819,96386,96050,95834,95751,95808,96003
Mannen,13 jaar,103819,100533,98024,97545,95480,97828,97551,96931,95052,92898,90755,92313,90533,91216,92458,93455,94861,95982,97099,98321,99436,100409,101133,101672,102063,102341,102494,102511,102391,102145,101773,101284,100696,100050,99375,98713,98079,97501,96988,96555,96221,96006,95925,95982
Mannen,14 jaar,104379,104332,100871,98324,97803,95691,97999,97710,97084,95207,93054,90917,92479,90720,91409,92652,93648,95053,96168,97286,98505,99620,100589,101311,101849,102239,102516,102671,102688,102571,102326,101953,101467,100880,100233,99560,98898,98264,97687,97176,96745,96411,96197,96119
Mannen,15 jaar,105224,104912,104679,101183,98605,98030,95871,98163,97873,97247,95368,93219,91090,92657,90914,91607,92851,93850,95252,96365,97480,98698,99808,100777,101498,102035,102426,102703,102857,102874,102757,102514,102142,101656,101072,100426,99752,99091,98458,97881,97371,96942,96610,96397
Mannen,16 jaar,107230,105829,105325,105053,101525,98894,98266,96085,98377,98087,97457,95583,93439,91313,92885,91158,91854,93097,94099,95499,96612,97722,98937,100048,101014,101733,102270,102661,102938,103092,103111,102994,102752,102381,101894,101315,100668,99996,99336,98704,98126,97616,97186,96855
Mannen,17 jaar,105635,107875,106285,105746,105436,101854,99171,98520,96332,98623,98331,97701,95830,93690,91567,93143,91432,92133,93375,94378,95777,96888,97993,99207,100316,101281,101998,102537,102930,103206,103360,103379,103264,103023,102653,102167,101589,100941,100271,99611,98981,98403,97892,97462
Mannen,18 jaar,106120,107125,109132,107492,106887,106500,102847,100131,99468,97275,99565,99276,98650,96783,94642,92526,94109,92424,93128,94372,95373,96770,97878,98983,100193,101299,102261,102975,103514,103906,104185,104339,104360,104248,104008,103638,103153,102578,101932,101261,100602,99972,99396,98887
Mannen,19 jaar,104179,108083,108809,110733,109029,108340,107858,104178,101449,100781,98580,100872,100591,99963,98100,95966,93854,95445,93794,94502,95741,96744,98136,99236,100338,101540,102642,103599,104309,104849,105239,105518,105673,105693,105582,105346,104976,104493,103919,103275,102605,101950,101322,100746
Mannen,20 jaar,105850,106275,109793,110416,112251,110472,109694,109179,105490,102760,102080,99878,102170,101890,101266,99407,97278,95175,96776,95169,95881,97113,98112,99495,100589,101684,102877,103973,104925,105628,106168,106555,106834,106989,107011,106903,106667,106299,105819,105247,104606,103936,103283,102657
Mannen,21 jaar,106171,107967,107933,111254,111760,113495,111641,110837,110310,106631,103899,103213,101012,103307,103028,102405,100554,98431,96342,97953,96407,97121,98342,99341,100715,101800,102888,104069,105157,106103,106802,107339,107728,108006,108164,108188,108081,107851,107485,107008,106441,105801,105136,104487
Mannen,22 jaar,109976,108516,109674,109389,112530,112931,114561,112710,111908,111386,107718,104997,104308,102113,104408,104128,103509,101668,99553,97478,99102,97624,98343,99552,100551,101914,102991,104070,105241,106321,107259,107953,108489,108878,109159,109321,109350,109247,109020,108658,108187,107623,106990,106331
Mannen,23 jaar,110111,112601,110376,111108,110603,113589,113895,115514,113696,112914,112401,108753,106043,105360,103166,105459,105183,104570,102743,100637,98581,100220,98818,99541,100738,101736,103088,104156,105226,106387,107460,108389,109082,109616,110005,110289,110455,110490,110392,110173,109817,109351,108794,108170
Mannen,24 jaar,111917,112866,114489,111734,112123,111458,114313,114646,116282,114513,113748,113247,109623,106937,106252,104064,106354,106084,105476,103666,101576,99535,101186,99871,100596,101781,102778,104116,105175,106236,107389,108454,109375,110063,110597,110989,111278,111448,111487,111396,111183,110835,110377,109830
Mannen,25 jaar,112971,114427,114679,115644,112510,112654,111858,114752,115132,116797,115071,114329,113840,110245,107571,106891,104715,106997,106736,106134,104338,102265,100238,101901,100672,101400,102574,103566,104892,105943,106994,108138,109195,110106,110790,111323,111716,112006,112181,112227,112144,111938,111596,111149
Mannen,26 jaar,113546,114903,116056,115773,116286,112918,112875,112145,115079,115510,117191,115512,114789,114313,110740,108081,107403,105240,107514,107261,106662,104880,102820,100810,102482,101331,102064,103226,104214,105529,106568,107610,108741,109788,110692,111371,111903,112298,112590,112769,112819,112741,112540,112204
Mannen,27 jaar,109327,115101,116213,117100,116423,116628,113094,113099,112438,115412,115884,117582,115947,115236,114767,111213,108569,107891,105743,108010,107762,107163,105394,103348,101353,103035,101960,102694,103842,104828,106132,107161,108193,109312,110347,111245,111918,112447,112843,113137,113319,113373,113299,113101
Mannen,28 jaar,108282,110750,116114,117061,117676,116696,116665,113252,113307,112715,115721,116230,117942,116345,115641,115180,111643,109012,108340,106202,108460,108218,107619,105865,103831,101849,103540,102535,103271,104408,105392,106685,107705,108727,109834,110862,111748,112418,112944,113339,113633,113818,113876,113805
Mannen,29 jaar,108899,109624,111619,116742,117506,117854,116613,116674,113363,113460,112921,115954,116495,118219,116652,115955,115500,111980,109364,108693,106566,108812,108574,107978,106234,104211,102245,103942,102999,103739,104866,105846,107129,108138,109151,110248,111263,112140,112803,113328,113722,114015,114200,114262
Mannen,30 jaar,107915,110114,110396,112120,117042,117636,117693,116512,116644,113413,113540,113046,116102,116669,118395,116850,116160,115706,112201,109598,108927,106809,109045,108808,108212,106478,104465,102511,104214,103331,104072,105186,106162,107434,108430,109433,110519,111522,112387,113044,113565,113956,114249,114432
Mannen,31 jaar,105680,108891,110751,110782,112299,117055,117448,117462,116338,116525,113357,113507,113053,116126,116707,118438,116914,116228,115776,112280,109687,109015,106900,109128,108891,108296,106569,104563,102617,104327,103498,104242,105344,106316,107580,108564,109556,110630,111621,112476,113123,113639,114026,114316
Mannen,32 jaar,104191,106471,109289,110984,110827,112198,116797,117155,117156,116075,116303,113188,113357,112936,116016,116609,118344,116839,116159,115706,112221,109636,108960,106852,109071,108835,108240,106519,104522,102587,104301,103524,104272,105363,106329,107586,108561,109542,110607,111586,112429,113071,113581,113965
Mannen,33 jaar,101073,104859,106733,109366,110936,110638,111878,116444,116794,116788,115751,116012,112940,113124,112724,115809,116412,118148,116663,115986,115536,112062,109483,108806,106703,108916,108680,108086,106374,104385,102462,104178,103453,104202,105285,106249,107495,108461,109430,110485,111457,112293,112928,113435
Mannen,34 jaar,101508,101622,105061,106744,109257,110725,110298,111517,116066,116416,116406,115415,115698,112662,112846,112465,115552,116164,117900,116432,115757,115305,111836,109263,108584,106487,108694,108460,107863,106158,104177,102262,103983,103303,104052,105127,106086,107323,108281,109243,110286,111247,112077,112705
Mannen,35 jaar,102797,101974,101706,104969,106526,108953,110322,109864,111073,115608,115961,115960,115007,115307,112290,112475,112104,115190,115812,117544,116089,115413,114961,111495,108927,108245,106153,108348,108114,107516,105820,103845,101937,103661,103022,103772,104836,105792,107017,107967,108919,109950,110902,111722
Mannen,36 jaar,104600,103223,102000,101549,104668,106135,108482,109834,109358,110558,115082,115449,115460,114541,114845,111844,112025,111665,114748,115376,117106,115662,114984,114528,111066,108502,107818,105729,107916,107682,107086,105393,103424,101522,103250,102650,103401,104457,105410,106623,107560,108504,109525,110466
Mannen,37 jaar,100988,104973,103295,101861,101287,104289,105667,108007,109358,108865,110057,114575,114961,114987,114092,114394,111403,111579,111226,114307,114939,116664,115230,114549,114091,110633,108073,107386,105302,107483,107248,106652,104962,103001,101105,102834,102271,103022,104068,105018,106220,107147,108081,109091
Mannen,38 jaar,100966,101387,105051,103245,101658,100996,103883,105244,107584,108939,108432,109617,114132,114538,114576,113699,113998,111015,111183,110836,113914,114547,116267,114842,114161,113701,110245,107686,107000,104919,107094,106861,106262,104577,102621,100732,102464,101933,102683,103723,104669,105861,106778,107705
Mannen,39 jaar,99285,101323,101468,104981,103092,101379,100637,103470,104825,107169,108525,108010,109192,113710,114128,114177,113315,113608,110632,110792,110451,113527,114163,115877,114460,113776,113316,109865,107307,106623,104547,106714,106482,105883,104201,102250,100366,102101,101602,102351,103383,104324,105508,106417
Mannen,40 jaar,100799,99597,101359,101382,104786,102833,101009,100246,103041,104390,106739,108094,107578,108756,113269,113700,113760,112908,113200,110228,110383,110044,113115,113754,115462,114052,113364,112906,109460,106906,106222,104147,106311,106078,105480,103802,101856,99977,101714,101246,101994,103018,103952,105131
Mannen,41 jaar,101048,101064,99629,101266,101204,104519,102502,100625,99847,102613,103958,106309,107670,107151,108322,112828,113276,113344,112502,112789,109823,109969,109631,112697,113336,115038,113634,112948,112490,109046,106498,105813,103745,105905,105670,105070,103398,101453,99583,101320,100879,101629,102645,103575
Mannen,42 jaar,105595,101288,101105,99583,101135,101001,104229,102198,100283,99495,102234,103578,105932,107300,106774,107940,112441,112902,112979,112145,112426,109463,109602,109267,112326,112964,114664,113265,112577,112122,108682,106139,105453,103390,105544,105308,104706,103038,101098,99232,100972,100556,101303,102314
Mannen,43 jaar,109312,105812,101307,101051,99468,100944,100737,103931,101895,99952,99157,101875,103218,105575,106948,106415,107580,112076,112550,112633,111808,112083,109120,109253,108921,111972,112610,114307,112914,112227,111770,108334,105799,105116,103054,105201,104964,104363,102699,100764,98902,100642,100253,100997
Mannen,44 jaar,118113,109417,105744,101178,100877,99245,100653,100420,103590,101555,99586,98785,101486,102829,105188,106568,106035,107196,111688,112174,112261,111443,111709,108754,108881,108551,111595,112234,113927,112539,111855,111397,107968,105440,104756,102698,104841,104603,104002,102343,100410,98555,100296,99926
Mannen,45 jaar,124747,118121,109270,105553,100958,100620,98945,100326,100078,103231,101200,99212,98409,101095,102435,104797,106183,105645,106806,111292,111788,111880,111068,111329,108376,108496,108168,111208,111848,113539,112156,111473,111015,107593,105068,104385,102329,104467,104231,103628,101974,100046,98195,99934
Mannen,46 jaar,130214,124694,117944,109056,105322,100704,100328,98641,100006,99751,102888,100863,98861,98059,100734,102072,104436,105827,105291,106449,110928,111430,111528,110720,110975,108025,108138,107814,110848,111491,113178,111800,111118,110662,107247,104725,104041,101988,104123,103887,103284,101633,99709,97860
Mannen,47 jaar,133562,130114,124484,117713,108811,105059,100418,100039,98346,99701,99442,102567,100548,98536,97734,100397,101732,104099,105497,104960,106116,110588,111096,111199,110397,110644,107697,107806,107482,110514,111156,112838,111466,110787,110332,106922,104404,103720,101670,103799,103564,102961,101313,99391
Mannen,48 jaar,127795,133423,129837,124196,117422,108513,104741,100105,99731,98039,99386,99123,102236,100226,98205,97399,100052,101383,103750,105151,104616,105766,110232,110746,110853,110053,110296,107351,107454,107132,110158,110800,112479,111112,110435,109982,106576,104061,103379,101332,103455,103221,102617,100972
Mannen,49 jaar,126907,127579,133067,129442,123810,117037,108126,104364,99742,99374,97686,99025,98761,101863,99859,97833,97027,99669,100996,103363,104765,104229,105373,109830,110352,110464,109668,109905,106966,107061,106741,109761,110404,112081,110719,110044,109592,106193,103682,103001,100959,103076,102843,102238
Mannen,50 jaar,127507,126618,127149,132582,128941,123324,116557,107673,103931,99327,98968,97286,98621,98357,101446,99450,97420,96613,99244,100568,102935,104336,103802,104941,109392,109918,110034,109242,109477,106543,106634,106318,109332,109977,111649,110293,109619,109170,105779,103273,102591,100555,102668,102432
Mannen,51 jaar,129695,127139,126162,126641,132035,128387,122783,116047,107198,103480,98895,98545,96869,98202,97937,101013,99028,96995,96189,98811,100133,102495,103896,103362,104496,108937,109469,109589,108802,109035,106108,106195,105883,108892,109534,111204,109856,109183,108737,105351,102852,102173,100144,102252
Mannen,52 jaar,131789,129242,126609,125619,126064,131420,127770,122203,115503,106695,103000,98440,98101,96434,97758,97493,100560,98581,96550,95747,98359,99678,102034,103435,102900,104029,108463,108998,109125,108344,108574,105655,105737,105430,108431,109074,110740,109400,108729,108285,104909,102416,101741,99717
Mannen,53 jaar,129304,131268,128640,126002,125015,125431,130753,127116,121594,114931,106168,102497,97962,97635,95975,97294,97030,100090,98123,96089,95287,97890,99203,101557,102959,102427,103552,107977,108515,108650,107876,108104,105193,105273,104973,107969,108611,110276,108943,108275,107833,104466,101979,101306
Mannen,54 jaar,126237,128765,130621,127977,125351,124370,124760,130065,126450,120972,114349,105629,101979,97471,97155,95503,96818,96556,99607,97650,95618,94819,97410,98722,101072,102474,101946,103067,107483,108026,108169,107400,107627,104726,104802,104508,107497,108140,109802,108476,107812,107372,104015,101533
Mannen,55 jaar,124769,125664,128107,129914,127276,124663,123691,124071,129359,125766,120333,113747,105075,101449,96966,96658,95015,96326,96068,99107,97161,95131,94338,96917,98225,100571,101975,101449,102569,106974,107525,107671,106908,107135,104242,104318,104027,107010,107651,109315,107994,107333,106896,103549
Mannen,56 jaar,121320,124161,124976,127384,129157,126526,123927,122978,123350,128624,125053,119663,113121,104497,100894,96438,96138,94506,95813,95561,98591,96655,94629,93841,96410,97715,100057,101463,100940,102060,106453,107010,107164,106404,106634,103750,103826,103538,106513,107158,108819,107506,106847,106413
Mannen,57 jaar,119895,120633,123437,124218,126604,128349,125724,123152,122227,122597,127851,124306,118963,112462,103888,100310,95882,95590,93970,95274,95024,98046,96122,94104,93318,95879,97181,99518,100926,100407,101528,105909,106472,106632,105881,106112,103239,103311,103030,105998,106643,108302,106997,106341
Mannen,58 jaar,116490,119208,119874,122674,123433,125798,127520,124913,122369,121471,121839,127077,123558,118259,111802,103274,99723,95324,95044,93433,94734,94490,97502,95595,93581,92802,95352,96654,98987,100396,99883,101003,105372,105941,106108,105363,105596,102734,102806,102530,105490,106136,107795,106496
Mannen,59 jaar,113438,115770,118427,119060,121860,122603,124953,126659,124073,121562,120689,121056,126275,122787,117530,111119,102645,99120,94753,94483,92884,94184,93946,96948,95056,93053,92282,94824,96123,98452,99864,99355,100476,104832,105409,105583,104842,105077,102228,102302,102030,104983,105629,107289
Mannen,60 jaar,111375,112654,114940,117566,118177,120979,121708,124049,125745,123186,120707,119860,120228,125430,121972,116760,110397,101981,98484,94151,93891,92305,93603,93372,96366,94489,92500,91737,94269,95569,97891,99307,98802,99925,104269,104854,105035,104301,104538,101705,101780,101513,104459,105109
Mannen,61 jaar,107491,110513,111770,114035,116635,117230,120029,120752,123089,124777,122246,119802,118980,119353,124533,121106,115944,109630,101275,97809,93510,93260,91688,92984,92760,95742,93884,91907,91153,93677,94974,97291,98707,98211,99333,103664,104254,104443,103720,103958,101141,101215,100956,103893
Mannen,62 jaar,106074,106591,109568,110822,113072,115651,116233,119031,119752,122087,123769,121270,118860,118064,118440,123598,120204,115092,108834,100541,97106,92845,92605,91051,92343,92128,95099,93257,91295,90548,93064,94362,96673,98093,97605,98727,103043,103638,103835,103122,103361,100561,100636,100385
Mannen,63 jaar,103905,105105,105606,108554,109812,112049,114608,115183,117981,118704,121036,122714,120250,117879,117107,117488,122624,119265,114208,108005,99779,96379,92156,91927,90388,91679,91474,94434,92611,90663,89926,92435,93734,96039,97463,96982,98106,102405,103009,103215,102511,102754,99971,100050
Mannen,64 jaar,103660,102850,104034,104531,107453,108717,110942,113482,114054,116857,117583,119911,121585,119160,116829,116084,116470,121581,118261,113260,107120,98967,95601,91421,91205,89684,90975,90776,93726,91925,89994,89268,91768,93066,95367,96792,96322,97446,101729,102340,102556,101862,102109,99341
Mannen,65 jaar,99645,102480,101679,102857,103358,106253,107522,109736,112262,112833,115638,116368,118695,120365,117979,115689,114974,115367,120448,117172,112231,106155,98084,94755,90623,90419,88918,90209,90018,92954,91177,89264,88550,91043,92338,94635,96061,95602,96724,100990,101605,101833,101151,101403
Mannen,66 jaar,98998,98413,101213,100435,101615,102121,104989,106268,108474,110986,111558,114367,115101,117425,119091,116745,114498,113817,114217,119267,116038,111158,105152,97165,93877,89795,89605,88124,89416,89234,92157,90403,88513,87812,90295,91590,93881,95309,94860,95982,100230,100853,101091,100420
Mannen,67 jaar,99358,97659,97103,99881,99137,100319,100832,103676,104966,107167,109667,110243,113055,113795,116116,117777,115476,113275,112628,113035,118057,114876,110061,104125,96225,92980,88951,88777,87318,88611,88440,91352,89624,87757,87070,89545,90839,93123,94555,94118,95242,99472,100101,100348
Mannen,68 jaar,101409,97898,96239,95727,98483,97775,98960,99485,102307,103612,105807,108295,108876,111691,112435,114753,116411,114155,112002,111392,111807,116799,113667,108922,103060,95251,92052,88076,87919,86482,87781,87622,90524,88823,86979,86306,88772,90066,92345,93781,93356,94480,98695,99333
Mannen,69 jaar,104715,99779,96350,94742,94272,97009,96337,97527,98067,100869,102188,104378,106856,107445,110258,111010,113325,114981,112774,110672,110098,110522,115483,112405,107732,101948,94237,91084,87166,87028,85619,86918,86775,89667,87995,86175,85519,87975,89270,91545,92984,92572,93697,97899
Mannen,70 jaar,106861,102860,98042,94705,93151,92726,95445,94811,96007,96565,99347,100681,102865,105334,105931,108742,109502,111815,113471,111317,109268,108732,109167,114095,111074,106477,100779,93171,90070,86212,86094,84714,86016,85887,88770,87129,85335,84697,87144,88441,90714,92155,91758,92886
Mannen,71 jaar,74718,104772,100890,96200,92959,91459,91081,93778,93185,94389,94967,97729,99078,101253,103709,104316,107124,107895,110205,111860,109764,107771,107274,107723,112614,109654,105138,99532,92033,88986,85194,85095,83745,85052,84938,87811,86201,84436,83816,86254,87554,89822,91268,90887
Mannen,72 jaar,76390,73101,102569,98811,94253,91112,89671,89339,92016,91469,92682,93282,96022,97383,99549,101993,102610,105414,106197,108502,110160,108124,106189,105735,106197,111052,108156,103726,98215,90831,87844,84119,84042,82724,84034,83937,86799,85224,83490,82891,85318,86621,88887,90336
Mannen,73 jaar,71083,74575,71403,100252,96622,92200,89165,87783,87499,90157,89656,90881,91501,94219,95592,97747,100178,100807,103606,104400,106700,108359,106386,104513,104102,104579,109395,106568,102229,96819,89559,86631,82977,82925,81642,82954,82877,85725,84187,82486,81909,84327,85633,87894
Mannen,74 jaar,63849,69216,72664,69609,97802,94303,90025,87098,85779,85546,88183,87732,88966,89607,92302,93686,95830,98246,98886,101677,102483,104779,106437,104530,102723,102357,102851,107624,104869,100628,95325,88194,85329,81753,81725,80478,81794,81736,84570,83071,81406,80853,83260,84569
Mannen,75 jaar,58952,61988,67256,70654,67718,95214,91852,87722,84909,83663,83482,86095,85696,86938,87601,90269,91664,93796,96197,96851,99632,100452,102740,104398,102562,100824,100504,101015,105742,103064,98927,93736,86742,83948,80453,80449,79241,80560,80524,83343,81886,80259,79731,82126
Mannen,76 jaar,58014,57038,60028,65185,68525,65711,92465,89243,85272,82583,81412,81286,83872,83525,84773,85457,88094,89500,91618,94003,94670,97438,98273,100552,102208,100446,98781,98511,99040,103715,101120,97093,92024,85176,82457,79048,79072,77903,79228,79215,82016,80603,79016,78516
Mannen,77 jaar,53225,55907,55031,57966,62997,66269,63585,89542,86471,82670,80112,79019,78950,81504,81209,82463,83168,85772,87186,89290,91655,92337,95091,95942,98211,99866,98182,96596,96375,96923,101543,99036,95128,90188,83498,80859,77542,77595,76471,77799,77811,80592,79226,77685
Mannen,78 jaar,49993,51056,53685,52906,55772,60663,63861,61308,86411,83504,79884,77466,76455,76442,78960,78720,79980,80708,83275,84697,86783,89130,89828,92562,93429,95685,97339,95741,94236,94068,94637,99197,96783,93001,88202,81685,79131,75913,75996,74918,76249,76286,79045,77730
Mannen,79 jaar,44040,47691,48771,51331,50641,53428,58168,61277,58868,83052,80317,76890,74616,73691,73734,76211,76028,77291,78043,80570,81997,84063,86384,87100,89810,90694,92935,94586,93078,91661,91547,92140,96628,94317,90672,86026,79700,77237,74128,74242,73215,74548,74614,77347
Mannen,80 jaar,41083,41746,45271,46353,48832,48227,50930,55497,58512,56256,79449,76896,73672,71547,70712,70808,73238,73115,74379,75154,77636,79066,81106,83398,84133,86811,87712,89934,91581,90170,88844,88789,89405,93813,91613,88116,83641,77523,75158,72168,72315,71343,72675,72773
Mannen,81 jaar,37079,38661,39348,42729,43801,46189,45670,48273,52655,55570,53476,75604,73239,70228,68260,67518,67669,70045,69984,71248,72044,74476,75906,77919,80175,80931,83567,84487,86685,88327,87017,85792,85796,86436,90753,88674,85335,81045,75154,72899,70036,70217,69307,70638
Mannen,82 jaar,33372,34605,36146,36844,40060,41116,43405,42964,45460,49645,52449,50525,71511,69339,66550,64746,64099,64304,66621,66621,67881,68698,71073,72498,74477,76692,77467,80055,80993,83160,84791,83591,82470,82535,83200,87414,85463,82297,78208,72564,70425,67702,67918,67072
Mannen,83 jaar,29609,30856,32060,33543,34240,37276,38310,40480,40121,42502,46474,49157,47405,67172,65200,62639,61003,60452,60711,62958,63018,64269,65101,67411,68826,70765,72929,73722,76251,77204,79332,80949,79862,78849,78977,79665,83762,81949,78966,75093,69718,67706,65132,65384
Mannen,84 jaar,26979,27090,28294,29454,30863,31548,34395,35390,37440,37158,39414,43157,45704,44125,62603,60832,58505,57039,56582,56892,59058,59176,60411,61253,63486,64883,66774,68877,69685,72143,73106,75187,76781,75813,74913,75101,75812,79774,78106,75318,71678,66594,64718,62304
Mannen,85 jaar,23498,24399,24559,25703,26802,28128,28796,31433,32388,34309,34102,36223,39718,42116,40709,57834,56265,54175,52880,52516,52867,54941,55113,56324,57170,59316,60685,62517,64549,65367,67744,68711,70734,72298,71451,70667,70911,71641,75451,73935,71355,67962,63191,61460
Mannen,86 jaar,20372,20977,21839,22030,23100,24130,25367,26002,28424,29332,31117,30977,32952,36184,38421,37184,52900,51530,49679,48552,48280,48664,50635,50854,52031,52873,54919,56251,58014,59962,60784,63063,64030,65982,67508,66784,66115,66411,67155,70795,69436,67072,63940,59502
Mannen,87 jaar,16549,17925,18512,19320,19529,20516,21469,22602,23204,25406,26261,27902,27822,29640,32595,34660,33590,47857,46682,45066,44104,43914,44323,46178,46437,47571,48401,50335,51618,53300,55154,55974,58140,59097,60967,62446,61841,61287,61629,62381,65829,64631,62492,59632
Mannen,88 jaar,13832,14326,15566,16118,16860,17075,17974,18839,19866,20430,22407,23201,24690,24659,26312,28980,30862,29954,42743,41753,40366,39561,39446,39870,41596,41886,42966,43774,45581,46804,48391,50138,50946,52984,53921,55693,57111,56623,56181,56559,57313,60547,59510,57602
Mannen,89 jaar,11107,11756,12217,13313,13818,14485,14702,15501,16275,17192,17713,19462,20187,21520,21528,23009,25383,27075,26318,37618,36804,35635,34977,34927,35356,36940,37251,38265,39040,40708,41859,43337,44962,45746,47639,48544,50204,51548,51170,50834,51238,51984,54983,54105
Mannen,90 jaar,8960,9248,9823,10240,11188,11640,12229,12433,13133,13815,14621,15093,16615,17265,18436,18475,19780,21857,23355,22739,32559,31907,30945,30421,30427,30848,32281,32601,33540,34271,35788,36853,38211,39700,40451,42184,43045,44578,45832,45558,45318,45739,46464,49208
Mannen,91 jaar,6826,7295,7559,8056,8421,9223,9620,10124,10313,10916,11506,12202,12621,13919,14490,15502,15563,16691,18477,19779,19290,27670,27162,26388,25985,26033,26437,27710,28030,28884,29560,30917,31887,33112,34455,35159,36720,37525,38918,40071,39888,39734,40159,40853
Mannen,92 jaar,5145,5419,5817,6049,6465,6776,7441,7775,8199,8369,8878,9377,9965,10327,11411,11902,12757,12831,13787,15291,16398,16022,23024,22642,22035,21737,21815,22192,23300,23609,24369,24981,26171,27035,28120,29307,29953,31332,32069,33311,34349,34245,34163,34580
Mannen,93 jaar,4075,3978,4210,4536,4731,5071,5330,5863,6139,6487,6637,7055,7468,7952,8257,9142,9554,10259,10339,11131,12368,13289,13008,18728,18451,17989,17778,17873,18215,19158,19446,20107,20647,21667,22421,23359,24386,24965,26156,26815,27898,28813,28771,28747
Mannen,94 jaar,2655,3067,3009,3197,3455,3615,3886,4091,4510,4732,5012,5138,5474,5806,6195,6445,7150,7486,8055,8133,8773,9767,10513,10311,14872,14680,14339,14196,14298,14598,15381,15640,16200,16664,17518,18158,18951,19817,20321,21327,21900,22822,23609,23613
Mannen,95 jaar,1879,1942,2255,2221,2367,2566,2692,2899,3058,3379,3553,3771,3875,4136,4396,4699,4899,5445,5712,6158,6230,6733,7510,8099,7959,11500,11372,11129,11038,11138,11391,12024,12248,12709,13096,13791,14320,14971,15682,16108,16934,17418,18181,18840
Mannen,96 jaar,1314,1327,1379,1608,1590,1700,1848,1942,2096,2215,2453,2585,2750,2831,3028,3224,3453,3606,4016,4221,4559,4621,5004,5592,6042,5948,8611,8531,8363,8310,8400,8607,9101,9287,9654,9965,10512,10934,11451,12015,12363,13018,13413,14024
Mannen,97 jaar,707,892,906,946,1107,1097,1177,1282,1350,1459,1546,1715,1811,1931,1991,2134,2276,2442,2556,2851,3003,3249,3300,3579,4007,4338,4278,6205,6158,6048,6020,6096,6257,6628,6776,7055,7296,7709,8033,8426,8857,9128,9628,9937
Mannen,98 jaar,403,458,582,594,622,731,727,781,852,899,974,1034,1150,1217,1300,1343,1442,1541,1657,1737,1942,2049,2221,2260,2456,2755,2988,2952,4290,4266,4197,4186,4246,4366,4634,4745,4950,5128,5428,5666,5954,6269,6473,6840
Mannen,99 jaar of ouder,536,560,612,721,799,867,978,1046,1124,1218,1309,1415,1522,1665,1800,1940,2060,2202,2359,2537,2707,2951,3181,3445,3647,3910,4280,4678,4922,5956,6623,7027,7298,7530,7777,8131,8455,8821,9198,9666,10154,10691,11281,11833
Vrouwen,Totaal leeftijd,8612263,8654784,8689607,8722891,8753992,8782949,8809669,8836001,8862402,8888772,8914807,8940440,8965529,8989968,9013474,9035922,9057172,9077073,9095494,9112337,9127525,9141023,9152833,9163011,9171669,9178885,9184794,9189527,9193322,9196341,9198844,9200973,9202867,9204597,9206240,9207822,9209433,9211144,9213030,9215146,9217572,9220367,9223602,9227360
Vrouwen,0 jaar,84286,85858,86867,88332,89496,90616,91809,92899,93847,94553,95066,95438,95692,95827,95830,95698,95443,95066,94578,93994,93354,92685,92025,91394,90811,90291,89845,89491,89249,89136,89160,89318,89607,90000,90475,91004,91564,92130,92678,93193,93655,94053,94376,94621
Vrouwen,1 jaar,83657,84899,86258,87220,88644,89773,90856,92038,93123,94073,94782,95296,95671,95926,96063,96065,95937,95685,95309,94823,94239,93599,92932,92273,91645,91064,90546,90103,89751,89511,89401,89428,89588,89880,90274,90749,91277,91836,92400,92947,93459,93919,94318,94639
Vrouwen,2 jaar,86605,84321,85337,86606,87530,88918,90013,91087,92266,93353,94299,95006,95522,95898,96151,96290,96294,96165,95915,95540,95057,94474,93835,93168,92512,91885,91307,90789,90348,90000,89763,89656,89687,89848,90142,90536,91010,91537,92094,92659,93205,93713,94171,94570
Vrouwen,3 jaar,84414,87127,84698,85623,86829,87719,89071,90153,91224,92401,93486,94430,95135,95654,96028,96280,96418,96424,96297,96049,95674,95190,94607,93970,93305,92652,92027,91450,90935,90497,90152,89918,89812,89847,90008,90304,90699,91172,91697,92254,92816,93360,93866,94323
Vrouwen,4 jaar,86926,84924,87451,84993,85854,87013,87867,89209,90290,91359,92536,93618,94562,95265,95783,96156,96410,96548,96554,96427,96179,95806,95321,94742,94105,93442,92790,92167,91593,91080,90647,90304,90074,89970,90007,90170,90466,90861,91336,91860,92417,92978,93519,94022
Vrouwen,5 jaar,88776,87411,85211,87669,85200,86008,87134,87982,89324,90406,91474,92650,93731,94671,95374,95891,96263,96516,96656,96662,96535,96288,95916,95433,94853,94219,93559,92909,92288,91719,91208,90778,90436,90211,90111,90151,90316,90611,91008,91483,92006,92560,93122,93660
Vrouwen,6 jaar,91495,89293,87706,85456,87859,85367,86132,87262,88114,89457,90538,91607,92781,93859,94797,95500,96011,96383,96636,96775,96782,96656,96409,96037,95555,94978,94347,93689,93041,92423,91856,91347,90920,90580,90358,90261,90302,90469,90766,91163,91638,92161,92714,93275
Vrouwen,7 jaar,91612,92044,89631,87968,85684,88024,85502,86277,87417,88278,89622,90701,91771,92941,94016,94948,95650,96159,96529,96780,96919,96927,96800,96552,96182,95701,95124,94496,93839,93193,92577,92012,91504,91080,90744,90522,90426,90469,90637,90936,91333,91808,92331,92882
Vrouwen,8 jaar,91607,92151,92363,89893,88175,85852,88132,85630,86420,87570,88434,89776,90856,91928,93090,94160,95091,95791,96299,96667,96917,97055,97063,96935,96686,96316,95837,95260,94633,93977,93333,92718,92156,91651,91228,90893,90674,90580,90622,90790,91088,91486,91960,92482
Vrouwen,9 jaar,90470,92127,92477,92619,90107,88329,85970,88237,85763,86568,87727,88596,89937,91012,92082,93240,94310,95235,95932,96439,96806,97057,97192,97201,97074,96824,96455,95977,95401,94774,94121,93477,92864,92305,91799,91379,91045,90830,90735,90778,90945,91243,91640,92116
Vrouwen,10 jaar,91638,90970,92439,92730,92824,90256,88427,86074,88340,85892,86711,87878,88751,90092,91164,92232,93388,94452,95376,96071,96577,96942,97192,97328,97335,97209,96958,96591,96114,95540,94914,94263,93621,93010,92451,91947,91529,91195,90981,90888,90932,91100,91399,91797
Vrouwen,11 jaar,92804,92126,91262,92674,92922,92957,90337,88498,86160,88424,86004,86835,88009,88886,90221,91292,92358,93510,94572,95492,96186,96690,97054,97302,97438,97446,97321,97071,96706,96229,95656,95032,94382,93743,93134,92577,92073,91659,91326,91114,91022,91067,91236,91535
Vrouwen,12 jaar,95979,93291,92433,91501,92869,93068,93049,90421,88581,86253,88517,86124,86964,88140,89018,90355,91424,92488,93636,94695,95611,96303,96805,97168,97416,97553,97561,97438,97187,96823,96347,95776,95155,94507,93868,93260,92704,92201,91788,91457,91246,91155,91202,91372
Vrouwen,13 jaar,98980,96479,93614,92700,91714,93027,93175,93142,90514,88674,86353,88618,86250,87099,88276,89158,90491,91560,92622,93767,94821,95734,96426,96927,97290,97537,97674,97683,97560,97309,96948,96473,95902,95283,94636,93998,93393,92838,92336,91924,91593,91385,91295,91344
Vrouwen,14 jaar,99541,99504,96814,93892,92936,91887,93148,93283,93246,90617,88775,86465,88731,86391,87245,88424,89306,90637,91702,92762,93904,94956,95865,96558,97057,97419,97665,97804,97812,97691,97440,97079,96606,96036,95420,94774,94137,93532,92978,92475,92065,91737,91530,91441
Vrouwen,15 jaar,100521,100099,99869,97116,94142,93133,92028,93275,93409,93369,90738,88896,86594,88862,86546,87406,88585,89467,90797,91858,92917,94054,95105,96013,96704,97203,97565,97810,97949,97957,97838,97587,97227,96754,96187,95571,94926,94290,93685,93131,92629,92222,91894,91689
Vrouwen,16 jaar,102772,101090,100506,100206,97403,94366,93304,92189,93429,93563,93521,90891,89048,86755,89024,86730,87595,88774,89655,90983,92044,93099,94233,95281,96188,96876,97375,97737,97982,98120,98129,98010,97760,97401,96929,96363,95748,95104,94468,93864,93310,92810,92404,92076
Vrouwen,17 jaar,100177,103398,101521,100879,100525,97662,94566,93492,92375,93610,93741,93701,91073,89229,86942,89214,86939,87811,88988,89869,91193,92255,93309,94437,95483,96385,97073,97571,97932,98177,98316,98325,98207,97957,97599,97128,96565,95949,95307,94670,94068,93513,93015,92610
Vrouwen,18 jaar,100909,101984,104965,102992,102262,101814,98873,95751,94674,93555,94788,94920,94882,92259,90419,88139,90410,88172,89051,90228,91111,92430,93489,94540,95666,96706,97606,98292,98790,99152,99398,99537,99548,99432,99183,98827,98357,97797,97184,96543,95908,95308,94755,94259
Vrouwen,19 jaar,100462,103881,104321,107131,105042,104205,103646,100692,97559,96483,95365,96599,96737,96705,94086,92250,89979,92251,90058,90945,92118,93003,94316,95371,96416,97537,98573,99470,100151,100651,101014,101259,101402,101415,101301,101056,100703,100236,99679,99067,98429,97796,97200,96648
Vrouwen,20 jaar,100904,104535,106726,106667,109291,107104,106146,105577,102624,99492,98412,97302,98534,98679,98650,96040,94206,91947,94220,92095,92986,94151,95038,96344,97394,98433,99550,100580,101470,102150,102648,103013,103260,103406,103425,103313,103073,102724,102260,101708,101099,100467,99839,99245
Vrouwen,21 jaar,103456,104927,108134,109218,108758,111221,108932,107964,107396,104460,101326,100252,99150,100379,100532,100507,97906,96080,93835,96108,94077,94976,96130,97019,98316,99357,100390,101498,102522,103408,104085,104583,104952,105204,105354,105378,105271,105037,104696,104237,103693,103090,102466,101844
Vrouwen,22 jaar,107126,107092,108446,110914,111193,110486,112798,110563,109605,109053,106136,103009,101947,100850,102078,102239,102219,99633,97813,95588,97861,95945,96852,97989,98878,100166,101198,102224,103323,104340,105219,105893,106394,106768,107024,107179,107211,107112,106886,106552,106105,105570,104974,104357
Vrouwen,23 jaar,107257,110632,109986,110839,112622,112507,111682,114043,111871,110941,110405,107506,104396,103343,102254,103481,103655,103636,101067,99257,97052,99321,97527,98444,99564,100455,101730,102754,103773,104860,105869,106741,107411,107914,108294,108556,108718,108757,108668,108452,108127,107688,107161,106574
Vrouwen,24 jaar,108556,109227,113381,111965,112275,113526,113288,112656,115066,112962,112052,111535,108654,105562,104517,103435,104661,104843,104831,102274,100476,98288,100551,98876,99802,100903,101795,103059,104073,105085,106164,107163,108028,108695,109198,109580,109848,110017,110062,109981,109773,109457,109027,108510
Vrouwen,25 jaar,110148,109003,110610,115110,113068,112891,113675,113869,113386,115843,113790,112899,112400,109537,106461,105423,104352,105578,105764,105756,103214,101425,99251,101508,99940,100870,101957,102850,104102,105106,106110,107179,108174,109032,109693,110196,110580,110852,111026,111075,111000,110800,110490,110068
Vrouwen,26 jaar,110318,110136,109211,111602,116022,113544,112871,113836,114332,113964,116452,114445,113569,113083,110234,107177,106145,105082,106306,106499,106494,103964,102183,100022,102273,100798,101733,102804,103697,104937,105932,106928,107990,108975,109830,110486,110988,111375,111649,111826,111880,111812,111616,111312
Vrouwen,27 jaar,107352,110002,110030,109578,112267,116342,113523,112904,114003,114717,114434,116946,114973,114112,113635,110799,107758,106731,105677,106896,107096,107091,104572,102798,100647,102893,101500,102438,103497,104388,105620,106606,107595,108648,109626,110471,111123,111622,112013,112288,112469,112527,112460,112271
Vrouwen,28 jaar,106222,107116,109520,110065,109883,112540,116011,113379,112817,114015,114894,114683,117211,115268,114418,113946,111123,108098,107074,106027,107245,107449,107443,104933,103169,101031,103272,101955,102895,103940,104831,106056,107033,108016,109060,110030,110866,111512,112011,112403,112678,112860,112922,112859
Vrouwen,29 jaar,105911,106162,106625,109237,110126,110095,112440,115576,113089,112561,113846,114864,114696,117240,115318,114476,114006,111194,108185,107164,106122,107337,107540,107533,105035,103275,101152,103385,102144,103086,104117,105009,106226,107195,108169,109205,110165,110995,111634,112133,112524,112800,112983,113047
Vrouwen,30 jaar,106361,105887,105812,106284,109104,110223,110245,112151,115052,112663,112167,113537,114650,114508,117060,115154,114315,113849,111044,108047,107025,105983,107193,107398,107393,104898,103143,101028,103257,102090,103030,104050,104941,106148,107110,108075,109100,110051,110872,111506,112003,112391,112666,112850
Vrouwen,31 jaar,103864,106140,105657,105614,106177,109228,110505,110259,111870,114591,112281,111827,113267,114437,114306,116863,114966,114129,113665,110863,107874,106854,105811,107015,107218,107209,104720,102965,100860,103081,101977,102919,103926,104816,106011,106963,107919,108931,109874,110686,111311,111804,112189,112464
Vrouwen,32 jaar,101960,103484,105793,105555,105575,106304,109619,110650,110234,111633,114214,111984,111572,113068,114263,114134,116691,114807,113969,113504,110705,107721,106698,105655,106854,107056,107046,104559,102806,100708,102921,101873,102814,103808,104692,105882,106824,107772,108776,109710,110512,111131,111618,112000
Vrouwen,33 jaar,99722,101603,103057,105637,105560,105656,106601,109811,110693,110179,111425,113927,111754,111381,112913,114116,113985,116540,114662,113823,113357,110562,107580,106558,105515,106708,106908,106898,104415,102665,100574,102782,101780,102720,103704,104585,105766,106700,107639,108632,109559,110353,110967,111450
Vrouwen,34 jaar,100193,99506,101252,102887,105639,105654,105843,106757,109905,110704,110115,111265,113726,111592,111255,112811,114008,113872,116424,114554,113710,113245,110452,107478,106454,105411,106599,106799,106787,104310,102562,100475,102679,101720,102661,103637,104514,105686,106613,107544,108529,109450,110236,110843
Vrouwen,35 jaar,103014,100031,99248,101082,102843,105703,105764,105891,106796,109914,110649,109994,111096,113549,111438,111130,112702,113886,113744,116295,114431,113587,113124,110330,107357,106333,105290,106475,106677,106664,104190,102444,100363,102561,101644,102585,103553,104426,105593,106512,107438,108416,109330,110111
Vrouwen,36 jaar,103956,102996,99790,99089,100991,102852,105774,105738,105827,106729,109818,110498,109798,110880,113343,111252,110960,112540,113711,113567,116117,114259,113412,112949,110158,107187,106162,105119,106301,106505,106490,104020,102274,100198,102391,101512,102453,103411,104284,105444,106359,107279,108249,109157
Vrouwen,37 jaar,100824,103992,102890,99644,99005,100969,102917,105744,105654,105719,106611,109666,110307,109579,110662,113144,111061,110782,112370,113529,113382,115927,114076,113227,112764,109974,107005,105980,104937,106117,106323,106304,103838,102095,100022,102211,101365,102306,103255,104128,105282,106192,107107,108070
Vrouwen,38 jaar,101256,100983,103997,102872,99612,99030,101062,102944,105714,105590,105632,106508,109530,110146,109402,110497,113002,110922,110653,112245,113393,113241,115782,113937,113088,112625,109836,106870,105846,104804,105983,106189,106168,103705,101965,99896,102082,101263,102205,103148,104019,105164,106071,106981
Vrouwen,39 jaar,100105,101430,101069,104025,102886,99642,99117,101104,102949,105681,105526,105540,106400,109394,109995,109243,110360,112881,110807,110545,112140,113277,113120,115658,113817,112970,112508,109718,106755,105733,104692,105867,106076,106056,103596,101855,99791,101975,101183,102123,103060,103928,105070,105970
Vrouwen,40 jaar,100570,100427,101506,101129,104042,102905,99703,99156,101112,102938,105637,105456,105449,106290,109259,109854,109102,110241,112778,110706,110452,112050,113176,113014,115547,113710,112862,112402,109613,106655,105635,104595,105768,105978,105957,103499,101760,99699,101880,101114,102052,102983,103849,104987
Vrouwen,41 jaar,102038,100895,100636,101594,101195,104079,102954,99755,99198,101136,102940,105608,105407,105382,106205,109158,109752,109003,110162,112715,110644,110397,111996,113110,112945,115474,113641,112794,112335,109546,106593,105574,104534,105706,105917,105894,103441,101703,99646,101822,101080,102016,102941,103806
Vrouwen,42 jaar,106581,102321,101095,100771,101660,101239,104102,102979,99785,99223,101146,102926,105570,105358,105313,106124,109065,109663,108918,110096,112662,110589,110348,111949,113050,112884,115409,113579,112731,112274,109489,106538,105520,104483,105652,105863,105840,103389,101652,99598,101773,101052,101987,102904
Vrouwen,43 jaar,110506,106868,102463,101204,100824,101677,101236,104088,102972,99784,99218,101119,102878,105504,105283,105222,106025,108956,109562,108822,110014,112593,110520,110284,111887,112979,112808,115333,113505,112661,112203,109421,106475,105458,104421,105589,105801,105779,103331,101595,99546,101717,101013,101949
Vrouwen,44 jaar,119663,110707,106966,102495,101212,100779,101625,101180,104025,102917,99736,99160,101039,102781,105395,105171,105103,105897,108824,109435,108698,109908,112496,110423,110190,111796,112881,112707,115232,113408,112565,112108,109328,106384,105370,104334,105500,105716,105691,103248,101513,99465,101636,100949
Vrouwen,45 jaar,124660,119766,110755,106956,102446,101141,100654,101532,101089,103930,102829,99648,99065,100923,102651,105256,105034,104959,105749,108672,109287,108553,109780,112374,110303,110072,111681,112759,112584,115108,113289,112446,111993,109215,106272,105258,104225,105389,105605,105581,103140,101408,99358,101530
Vrouwen,46 jaar,129878,124653,119729,110697,106854,102327,100994,100500,101406,100964,103800,102706,99520,98931,100772,102492,105092,104873,104794,105582,108501,109118,108386,109628,112231,110161,109934,111543,112618,112440,114963,113148,112307,111856,109080,106139,105126,104095,105258,105476,105450,103011,101283,99235
Vrouwen,47 jaar,132276,129841,124542,119610,110559,106674,102143,100821,100320,101248,100806,103639,102544,99355,98760,100586,102299,104902,104690,104606,105390,108304,108923,108192,109449,112059,109989,109767,111380,112448,112267,114789,112977,112137,111687,108914,105976,104965,103935,105098,105316,105288,102853,101126
Vrouwen,48 jaar,126927,132192,129700,124369,119424,110360,106436,101941,100631,100126,101071,100629,103456,102361,99167,98566,100384,102093,104699,104489,104400,105178,108089,108708,107981,109248,111866,109796,109581,111198,112259,112075,114594,112787,111949,111499,108731,105794,104786,103757,104920,105139,105110,102678
Vrouwen,49 jaar,125158,126828,132029,129509,124165,119206,110126,106211,101749,100448,99940,100897,100454,103275,102181,98983,98379,100189,101896,104501,104297,104204,104977,107880,108503,107779,109056,111682,109614,109406,111023,112079,111894,114411,112608,111772,111322,108557,105626,104620,103594,104757,104974,104947
Vrouwen,50 jaar,125922,125036,126640,131809,129269,123920,118947,109884,105979,101546,100254,99745,100708,100267,103081,101984,98787,98185,99988,101692,104296,104097,103999,104766,107665,108289,107572,108857,111489,109424,109223,110839,111890,111706,114220,112420,111585,111137,108378,105450,104446,103421,104583,104803
Vrouwen,51 jaar,127426,125772,124815,126387,131533,128972,123623,118655,109618,105720,101309,100030,99521,100485,100044,102848,101757,98559,97954,99747,101451,104056,103859,103756,104518,107412,108037,107325,108620,111257,109196,108999,110619,111665,111479,113991,112195,111361,110917,108162,105237,104234,103211,104371
Vrouwen,52 jaar,129943,127210,125512,124534,126076,131204,128620,123292,118334,109326,105437,101048,99782,99270,100235,99793,102592,101502,98303,97698,99484,101185,103787,103596,103487,104245,107134,107760,107054,108361,111004,108945,108754,110374,111413,111228,113737,111944,111116,110674,107922,105001,103999,102981
Vrouwen,53 jaar,127701,129669,126891,125188,124201,125718,130827,128241,122938,117994,109016,105139,100771,99519,99004,99969,99528,102319,101234,98036,97432,99211,100907,103509,103322,103210,103965,106846,107476,106775,108093,110740,108685,108499,110121,111155,110971,113476,111689,110863,110423,107677,104759,103760
Vrouwen,54 jaar,125827,127377,129273,126496,124800,123809,125299,130405,127822,122545,117615,108670,104807,100458,99214,98702,99665,99228,102009,100925,97730,97129,98901,100594,103198,103013,102898,103650,106523,107156,106461,107788,110441,108388,108209,109830,110858,110675,113177,111397,110574,110136,107397,104483
Vrouwen,55 jaar,124537,125468,126969,128835,126068,124381,123392,124867,129969,127393,122138,117228,108316,104469,100138,98908,98396,99359,98926,101699,100618,97425,96826,98592,100287,102887,102710,102592,103342,106209,106843,106156,107492,110147,108098,107927,109547,110571,110390,112889,111114,110296,109857,107126
Vrouwen,56 jaar,120974,124168,125051,126539,128386,125634,123960,122982,124449,129548,126977,121749,116855,107978,104145,99835,98616,98107,99070,98644,101410,100333,97144,96547,98308,100005,102603,102432,102315,103064,105925,106563,105879,107225,109883,107840,107674,109295,110317,110134,112635,110863,110049,109613
Vrouwen,57 jaar,119832,120545,123705,124573,126059,127892,125155,123499,122535,123996,129089,126528,121325,116451,107608,103790,99502,98293,97785,98752,98331,101090,100017,96835,96240,97998,99695,102291,102129,102012,102761,105618,106259,105581,106938,109595,107559,107398,109021,110039,109857,112358,110593,109779
Vrouwen,58 jaar,116391,119335,120000,123156,124013,125498,127316,124605,122971,122022,123476,128564,126013,120838,115987,107178,103375,99108,97912,97406,98375,97960,100714,99646,96472,95881,97633,99328,101926,101772,101657,102403,105256,105902,105231,106597,109258,107227,107072,108696,109714,109534,112033,110276
Vrouwen,59 jaar,113922,115860,118762,119408,122569,123420,124905,126720,124039,122428,121495,122944,128024,125485,120339,115512,106740,102953,98711,97528,97025,97996,97586,100338,99278,96112,95526,97273,98968,101567,101419,101305,102052,104902,105553,104887,106261,108926,106902,106752,108379,109396,109217,111714
Vrouwen,60 jaar,111465,113323,115227,118114,118755,121920,122769,124261,126073,123421,121834,120915,122362,127436,124912,119796,114995,106262,102495,98277,97108,96608,97580,97177,99926,98873,95717,95136,96879,98575,101174,101035,100924,101669,104516,105171,104514,105894,108564,106547,106402,108029,109046,108867
Vrouwen,61 jaar,109052,110807,112634,114529,117410,118050,121221,122075,123576,125387,122763,121201,120301,121744,126811,124302,119216,114445,105755,102008,97817,96663,96168,97140,96743,99491,98448,95301,94725,96464,98161,100759,100628,100520,101267,104108,104768,104118,105507,108181,106171,106032,107660,108678
Vrouwen,62 jaar,106520,108364,110085,111909,113807,116687,117327,120510,121370,122880,124689,122098,120558,119677,121120,126182,123690,118638,113896,105251,101526,97362,96223,95734,96709,96321,99066,98032,94897,94328,96065,97760,100361,100239,100136,100883,103722,104387,103743,105141,107819,105816,105685,107315
Vrouwen,63 jaar,104572,105765,107576,109291,111122,113029,115908,116553,119746,120611,122128,123936,121377,119866,119005,120447,125499,123024,118009,113296,104699,100998,96861,95739,95258,96235,95855,98595,97574,94452,93890,95624,97321,99921,99807,99706,100455,103292,103962,103325,104732,107415,105421,105297
Vrouwen,64 jaar,104309,103749,104914,106719,108438,110280,112195,115074,115723,118924,119793,121319,123126,120600,119114,118276,119720,124763,122306,117327,112644,104099,100422,96316,95211,94737,95719,95346,98082,97072,93963,93409,95140,96837,99437,99331,99234,99985,102818,103493,102864,104281,106966,104981
Vrouwen,65 jaar,100031,103414,102838,104001,105812,107542,109396,111321,114199,114852,118059,118931,120466,122275,119783,118326,117511,118956,123989,121553,116610,111961,103470,99820,95746,94658,94194,95179,94816,97546,96550,93455,92909,94637,96333,98933,98836,98743,99496,102326,103005,102384,103809,106497
Vrouwen,66 jaar,100190,99094,102423,101864,103042,104865,106607,108472,110407,113282,113937,117150,118027,119572,121381,118926,117499,116710,118153,123176,120759,115858,111243,102809,99187,95145,94077,93623,94613,94263,96987,96004,92925,92387,94111,95809,98408,98321,98230,98985,101809,102494,101883,103317
Vrouwen,67 jaar,100699,99148,98063,101367,100841,102040,103877,105629,107506,109445,112317,112974,116194,117079,118635,120445,118027,116629,115867,117310,122322,119928,115070,110490,102116,98523,94518,93470,93028,94022,93684,96402,95431,92370,91841,93564,95262,97861,97785,97699,98455,101276,101967,101365
Vrouwen,68 jaar,102841,99578,98029,96986,100282,99795,101016,102864,104625,106509,108454,111323,111985,115215,116107,117676,119490,117109,115743,115009,116453,121452,119083,114271,109728,101416,97853,93885,92860,92430,93430,93105,95817,94859,91818,91298,93019,94721,97320,97257,97175,97934,100754,101451
Vrouwen,69 jaar,107919,101611,98384,96868,95879,99167,98721,99959,101816,103585,105476,107426,110294,110965,114203,115103,116683,118502,116160,114826,114123,115566,120554,118210,113446,108944,100695,97163,93234,92230,91811,92817,92504,95210,94269,91246,90737,92457,94161,96761,96710,96633,97396,100215
Vrouwen,70 jaar,110066,106551,100311,97150,95677,94745,98023,97612,98865,100730,102505,104406,106361,109229,109911,113155,114065,115659,117482,115181,113880,113207,114651,119629,117311,112596,108138,99955,96455,92566,91584,91178,92189,91889,94591,93666,90663,90165,91884,93592,96193,96153,96082,96849
Vrouwen,71 jaar,78443,108570,105101,98959,95872,94446,93569,96834,96459,97723,99595,101378,103287,105251,108118,108808,112060,112980,114587,116413,114155,112889,112247,113692,118655,116367,111704,107290,99177,95714,91866,90906,90514,91531,91245,93940,93031,90052,89566,91283,92993,95596,95568,95503
Vrouwen,72 jaar,81062,77291,106990,103592,97562,94551,93172,92347,95598,95258,96535,98413,100203,102122,104094,106958,107659,110917,111846,113466,115296,113082,111853,111243,112688,117638,115378,110771,106403,98364,94939,91135,90200,89820,90844,90573,93262,92370,89415,88940,90656,92370,94973,94958
Vrouwen,73 jaar,75862,79779,76069,105336,102019,96105,93172,91838,91067,94301,93997,95286,97172,98972,100898,102877,105739,106450,109713,110652,112285,114121,111954,110762,110186,111632,116567,114340,109792,105474,97514,94128,90372,89461,89097,90126,89871,92554,91681,88752,88290,90004,91720,94323
Vrouwen,74 jaar,69371,74555,78406,74775,103589,100357,94564,91711,90425,89705,92918,92652,93953,95846,97654,99588,101573,104432,105154,108422,109373,111018,112858,110741,109590,109048,110496,115413,113223,108739,104476,96601,93260,89552,88669,88319,89356,89118,91795,90941,88041,87593,89306,91026
Vrouwen,75 jaar,65117,68048,73152,76944,73399,101730,98587,92923,90151,88911,88246,91436,91209,92522,94423,96240,98180,100171,103026,103761,107031,107992,109651,111495,109432,108324,107820,109270,114165,112016,107603,103397,95617,92324,88670,87815,87481,88525,88306,90977,90145,87275,86842,88554
Vrouwen,76 jaar,65903,63751,66622,71645,75379,71923,99734,96682,91153,88467,87276,86667,89833,89649,90974,92881,94707,96654,98651,101501,102250,105518,106491,108164,110013,108009,106947,106482,107935,112807,110703,106365,102224,94546,91305,87710,86886,86570,87622,87424,90086,89280,86444,86029
Vrouwen,77 jaar,62555,64355,62268,65085,70019,73690,70329,97570,94614,89231,86637,85501,84951,88093,87954,89293,91209,93044,94996,96998,99842,100605,103870,104858,106547,108401,106459,105448,105028,106484,111329,109274,105020,100951,93386,90202,86670,85880,85585,86647,86469,89124,88346,85547
Vrouwen,78 jaar,59561,60902,62667,60657,63416,68255,71857,68598,95217,92366,87144,84650,83575,83089,86205,86115,87469,89390,91232,93189,95196,98030,98812,102070,103077,104779,106640,104767,103810,103435,104898,109710,107712,103549,99561,92122,89001,85540,84785,84513,85585,85431,88080,87330
Vrouwen,79 jaar,54463,57767,59088,60823,58900,61600,66336,69863,66719,92661,89925,84879,82493,81487,81065,84150,84109,85477,87400,89248,91208,93218,96040,96842,100089,101114,102829,104696,102898,101996,101674,103143,107916,105982,101917,98020,90720,87672,84289,83572,83326,84408,84281,86922
Vrouwen,80 jaar,52483,52593,55806,57112,58815,56990,59630,64250,67697,64677,89882,87271,82417,80145,79211,78855,81903,81912,83291,85214,87064,89028,91036,93842,94666,97896,98941,100668,102538,100821,99981,99712,101187,105916,104053,100096,96300,89155,86187,82891,82217,81998,83092,82994
Vrouwen,81 jaar,49313,50421,50558,53679,54973,56644,54926,57496,61989,65349,62464,86862,84384,79735,77585,76724,76434,79439,79498,80888,82809,84657,86622,88626,91410,92256,95463,96527,98263,100136,98507,97733,97522,99003,103676,101894,98055,94372,87400,84522,81323,80694,80506,81611
Vrouwen,82 jaar,46871,47089,48184,48356,51382,52661,54300,52689,55184,59535,62794,60054,83568,81231,76802,74780,73998,73773,76727,76839,78239,80151,81996,83955,85953,88707,89576,92750,93834,95578,97450,95917,95213,95063,96549,101157,99462,95756,92200,85422,82643,79552,78973,78817
Vrouwen,83 jaar,43489,44448,44694,45777,45985,48907,50170,51764,50265,52673,56865,60013,57427,79973,77788,73596,71712,71014,70858,73753,73921,75324,77225,79060,81007,82993,85711,86602,89736,90838,92585,94454,93024,92395,92308,93798,98329,96732,93173,89757,83195,80527,77555,77031
Vrouwen,84 jaar,41881,40910,41856,42132,43199,43441,46248,47478,49022,47635,49948,53963,56990,54573,76063,74043,70109,68373,67765,67680,70508,70730,72133,74013,75832,77761,79729,82402,83315,86397,87518,89264,91126,89807,89256,89234,90728,95169,93677,90281,87021,80701,78156,75313
Vrouwen,85 jaar,38107,39033,38171,39100,39407,40452,40724,43394,44584,46065,44798,47008,50829,53724,51488,71832,69988,66333,64754,64242,64228,66975,67249,68645,70496,72292,74195,76137,78754,79688,82706,83842,85581,87429,86229,85761,85806,87299,91636,90257,87039,83950,77899,75490
Vrouwen,86 jaar,35470,35133,36034,35286,36194,36526,37542,37831,40347,41490,42903,41760,43858,47470,50221,48177,67286,65628,62267,60853,60437,60491,63144,63467,64847,66661,68425,70292,72198,74748,75699,78638,79784,81509,83336,82258,81879,81990,83476,87689,86433,83409,80506,74754
Vrouwen,87 jaar,30892,32297,32042,32914,32278,33156,33508,34477,34777,37127,38215,39554,38538,40517,43903,46498,44655,62445,60979,57926,56679,56358,56475,59019,59384,60742,62507,64227,66049,67909,70378,71339,74184,75334,77034,78832,77882,77592,77767,79243,83313,82185,79370,76668
Vrouwen,88 jaar,27403,27733,29042,28860,29695,29168,30009,30365,31277,31583,33753,34779,36037,35152,37000,40141,42568,40934,57320,56049,53313,52234,52004,52178,54594,54997,56319,58022,59688,61451,63251,65623,66588,69319,70466,72130,73887,73069,72868,73104,74560,78464,77471,74883
Vrouwen,89 jaar,23107,24203,24538,25743,25630,26418,25994,26778,27128,27976,28281,30260,31217,32386,31632,33339,36219,38465,37040,51948,50868,48456,47542,47397,47619,49889,50323,51599,53225,54823,56511,58237,60493,61453,64049,65182,66796,68499,67815,67700,67991,69418,73126,72274
Vrouwen,90 jaar,20138,20039,21030,21364,22458,22403,23135,22795,23513,23850,24625,24926,26703,27585,28658,28030,29588,32194,34244,33029,46398,45504,43413,42658,42589,42850,44957,45411,46628,48163,49676,51274,52908,55028,55973,58411,59517,61066,62697,62145,62113,62452,63835,67319
Vrouwen,91 jaar,16861,17112,17065,17948,18273,19250,19242,19900,19635,20280,20598,21297,21586,23159,23960,24931,24424,25824,28147,29992,28977,40776,40057,38278,37672,37670,37960,39887,40351,41494,42924,44336,45828,47356,49323,50239,52498,53564,55031,56574,56148,56191,56569,57893
Vrouwen,92 jaar,14271,14009,14251,14245,15017,15324,16179,16197,16775,16575,17144,17438,18055,18329,19696,20411,21274,20879,22117,24150,25781,24954,35177,34617,33136,32666,32719,33024,34758,35218,36273,37582,38879,40249,41653,43448,44320,46380,47390,48757,50195,49885,49991,50396
Vrouwen,93 jaar,11355,11577,11393,11618,11642,12303,12583,13306,13342,13838,13692,14183,14448,14983,15236,16400,17026,17779,17482,18555,20300,21712,21055,29735,29314,28110,27760,27853,28162,29690,30134,31089,32264,33432,34665,35932,37538,38351,40196,41133,42383,43698,43492,43648
Vrouwen,94 jaar,8633,8981,9181,9057,9260,9302,9854,10095,10691,10735,11150,11049,11462,11695,12148,12375,13345,13881,14524,14310,15218,16683,17878,17370,24577,24274,23319,23071,23190,23488,24807,25222,26066,27097,28125,29211,30328,31736,32475,34092,34942,36060,37236,37117
Vrouwen,95 jaar,6546,6638,6923,7096,7019,7195,7246,7688,7887,8364,8410,8748,8681,9020,9219,9593,9790,10579,11026,11560,11414,12163,13360,14345,13965,19796,19589,18853,18687,18818,19095,20203,20577,21303,22185,23066,23998,24958,26160,26815,28196,28946,29920,30945
Vrouwen,96 jaar,4771,4865,4947,5174,5317,5274,5420,5466,5808,5966,6335,6379,6644,6604,6873,7037,7337,7502,8123,8484,8914,8819,9418,10365,11151,10877,15448,15315,14768,14665,14796,15041,15944,16269,16873,17602,18334,19108,19907,20902,21461,22604,23245,24067
Vrouwen,97 jaar,2861,3409,3486,3554,3727,3841,3820,3932,3970,4223,4344,4619,4657,4858,4836,5042,5172,5403,5536,6007,6287,6620,6563,7022,7744,8348,8158,11609,11531,11141,11084,11204,11411,12118,12387,12871,13451,14035,14654,15293,16086,16545,17456,17981
Vrouwen,98 jaar,1828,1954,2334,2394,2449,2576,2662,2651,2732,2762,2942,3030,3226,3257,3404,3394,3546,3645,3815,3918,4261,4470,4717,4686,5025,5553,5998,5874,8376,8337,8070,8046,8148,8315,8848,9062,9434,9878,10327,10802,11294,11901,12263,12963
Vrouwen,99 jaar of ouder,3111,3118,3214,3529,3782,3993,4225,4437,4574,4721,4843,5046,5244,5509,5714,5956,6123,6347,6576,6859,7133,7562,8007,8489,8813,9280,9972,10764,11242,13288,14684,15488,16058,16557,17053,17800,18503,19289,20185,21163,22222,23353,24619,25813
" Centraal Bureau voor de Statistiek, Den Haag/Heerlen 11-1-2017",,,,,,,,,,,,,,,,,,,,,,,,,,,,,,,,,,,,,,,,,,,,,
